date,material_name,price,listing_count,source
2026/4/3,どうのこうせき,60,,
2026/4/3,てっこうせき,120,,
2026/4/3,ぎんのこうせき,240,,
2026/4/3,プラチナこうせき,360,,
2026/4/3,マデュライト,630,,
2026/4/3,ナドラダイト鉱石,7000,,
2026/4/3,アステライト鉱石,4700,,
2026/4/3,デモニウム鉱石,9200,,
2026/4/3,フォレース鉱石,8000,,
2026/4/3,烈風石,12000,,
2026/4/3,ゼーラズマ鉱石,11500,,
2026/4/3,炎魔の焼け石,8600,,
2026/4/3,暗夜の魔石,15500,,
2026/4/3,ヘビーメタル,1300,,
2026/4/3,せいれいせき,9200,,
2026/4/3,げんませき,6000,,
2026/4/3,小さな化石,150,,
2026/4/3,大きな化石,2000,,
2026/4/3,かがみ石,100,,
2026/4/3,ひかりの石,310,,
2026/4/3,つけもの石,110,,
2026/4/3,ホカホカストーン,220,,
2026/4/3,ようがんのカケラ,200,,
2026/4/3,古代樹の化石,7000,,
2026/4/3,おうごんのかけら,360,,
2026/4/3,ゴールドストーン,1100,,
2026/4/3,きんかい,3000,,
2026/4/3,メタルのカケラ,6000,,
2026/4/3,ピンクパール,200,,
2026/4/3,ブラックパール,200,,
2026/4/3,ホワイトパール,370,,
2026/4/3,赤い宝石,1200,,
2026/4/3,青い宝石,1200,,
2026/4/3,黄色の宝石,1200,,
2026/4/3,緑の宝石,1200,,
2026/4/3,レッドアイ,260,,
2026/4/3,ブルーアイ,240,,
2026/4/3,イエローアイ,450,,
2026/4/3,グリーンアイ,397,,
2026/4/3,パープルアイ,200,,
2026/4/3,ときのすいしょう,6000,,
2026/4/3,おぼろ水晶,12000,,
2026/4/3,レッドオーブ,2900,,
2026/4/3,ブルーオーブ,3500,,
2026/4/3,イエローオーブ,3000,,
2026/4/3,グリーンオーブ,5000,,
2026/4/3,パープルオーブ,3300,,
2026/4/3,虹色のオーブ,11600,,
2026/4/3,オグリドホーン,6000,,
2026/4/3,やくそう,8,,
2026/4/3,上やくそう,200,,
2026/4/3,アモールの水,60,,
2026/4/3,いやしそう,70,,
2026/4/3,特やくそう,100,,
2026/4/3,超やくそう,2000,,
2026/4/3,どくけしそう,10,,
2026/4/3,上どくけしそう,1,,
2026/4/3,特どくけしそう,30,,
2026/4/3,まんげつそう,30,,
2026/4/3,きつけそう,800,,
2026/4/3,つきのめぐみ,3800,,
2026/4/3,天使のすず,1100,,
2026/4/3,トラマナミスト,200,,
2026/4/3,せかいじゅのしずく,1000,,
2026/4/3,まほうの小ビン,50,,
2026/4/3,まほうのせいすい,500,,
2026/4/3,けんじゃのせいすい,650,,
2026/4/3,ようせいの霊薬,700,,
2026/4/3,せいれいの霊薬,1300,,
2026/4/3,エルフの飲み薬,3000,,
2026/4/3,ドルセリン,500,,
2026/4/3,おたからさがしのすず,20,,
2026/4/3,どくがのこな,20,,
2026/4/3,まだらくも糸,50,,
2026/4/3,ゆめみの花,50,,
2026/4/3,めざめの花,50,,
2026/4/3,カムシカせんべえ,980,,
2026/4/3,王都の桜もち,980,,
2026/4/3,ガタラのブタまん,980,,
2026/4/3,銘菓　砂漠の月,980,,
2026/4/3,アクロバットケーキ,980,,
2026/4/3,メギス鶏のからあげ,980,,
2026/4/3,とこなつココナッツ,980,,
2026/4/3,女王様サブレ,980,,
2026/4/3,げんこつアメ,980,,
2026/4/3,オーガニックサラダ,980,,
2026/4/3,コロシアムバーガー,980,,
2026/4/3,グランドタイタス丼,980,,
2026/4/3,経験値の秘薬・小,40000,,
2026/4/3,やりなお草,1000,,
2026/4/3,とりなお草,3000,,
2026/4/3,レンタル衣装無料券,1000,,
2026/4/3,スペシャルそうび券,2000,,
2026/4/3,スペシャル家具庭具券,300,,
2026/4/3,dqⅧ主人公券,17000,,
2026/4/3,プスゴンきぐるみ券,900,,
2026/4/3,ゴールドマン衣装券,300,,
2026/4/3,ナスビナーラ衣装券,3500,,
2026/4/3,ドルワーム研究服券,17171,,
2026/4/3,サマーウルフ衣装券,333,,
2026/4/3,マイタウン権利証・封書,141500000,,
2026/4/3,美容院無料券,2000,,
2026/4/3,ドレスアップ無料券,1770,,
2026/4/3,ボスコイン無料券,45000,,
2026/4/3,おたから花,260,,
2026/4/3,銀のおたから花,5000,,
2026/4/3,金のおたから花,24500,,
2026/4/3,超おたから花サファイア,330,,
2026/4/3,超おたから花ルビー,4160,,
2026/4/3,超おたから花ダイヤ,12200,,
2026/4/3,ラウルのゴーグルケース,2500000,,
2026/4/3,お祝いクラッカー,5700,,
2026/4/3,色見本・アイビー,100000,,
2026/4/3,色見本・きみどり,109800,,
2026/4/3,色見本・ライトイエロ,106999,,
2026/4/3,色見本・やまぶき,100000,,
2026/4/3,色見本・トマト,100000,,
2026/4/3,色見本・ホットピンク,108000,,
2026/4/3,色見本・みずいろ,109200,,
2026/4/3,色見本・ゼニスブルー,100000,,
2026/4/3,色見本・グレープ,108000,,
2026/4/3,色見本・フォグブルー,105000,,
2026/4/3,女神のガーベラ,720000,,
2026/4/3,妖精のスイートピー,310000,,
2026/4/3,マヒャドかき氷,100,,
2026/4/3,竜の書・白,520000,,
2026/4/3,竜の書・黒,520000,,
2026/4/3,天使のスズラン,5780,,
2026/4/3,麻の糸,60,,
2026/4/3,コットン草,120,,
2026/4/3,シルク草,240,,
2026/4/3,かがやきそう,360,,
2026/4/3,妖精の綿花,460,,
2026/4/3,天竜草,4200,,
2026/4/3,うつろい草,8000,,
2026/4/3,マゴニア草,8000,,
2026/4/3,星光の糸,9000,,
2026/4/3,ナイトメアリーフ,13000,,
2026/4/3,光彩の布,8100,,
2026/4/3,ささやく枯れ葉,5500,,
2026/4/3,みかわしそう,310,,
2026/4/3,あやかしそう,290,,
2026/4/3,さとりそう,270,,
2026/4/3,花のみつ,180,,
2026/4/3,さえずりのみつ,210,,
2026/4/3,スライムおしゃれ花,300,,
2026/4/3,しおかぜ草,230,,
2026/4/3,サンドフルーツ,1100,,
2026/4/3,やわらかい枝,60,,
2026/4/3,じょうぶな枝,120,,
2026/4/3,しなやかな枝,240,,
2026/4/3,きれいな枝,360,,
2026/4/3,まほうの樹木,950,,
2026/4/3,巨竜樹の枝,5000,,
2026/4/3,魔紅樹の板,300,,
2026/4/3,天の香木,1000,,
2026/4/3,ガーデスの枝,4200,,
2026/4/3,水の樹木,370,,
2026/4/3,暗黒の樹木,390,,
2026/4/3,氷の樹木,340,,
2026/4/3,炎の樹木,320,,
2026/4/3,ホワイトウッド,310,,
2026/4/3,サバンナウッド,280,,
2026/4/3,レッドベリー,120,,
2026/4/3,カオスベリー,20000,,
2026/4/3,カチコチくるみ,220,,
2026/4/3,緑のコケ,140,,
2026/4/3,たそがれゴケ,5100,,
2026/4/3,うるわしキノコ,160,,
2026/4/3,げんこつダケ,260,,
2026/4/3,ビッグサボテン,4500,,
2026/4/3,さくらの花びら,160,,
2026/4/3,ヤシの実,270,,
2026/4/3,ふしぎな海草,160,,
2026/4/3,まんまるポテト,640,,
2026/4/3,ジャンボ玉ネギ,640,,
2026/4/3,しゃっきりレタス,640,,
2026/4/3,ふわふわ小麦,640,,
2026/4/3,ライスフラワー,640,,
2026/4/3,びっくりトマト,5100,,
2026/4/3,レンダーシード,2800,,
2026/4/3,プクランサフラン,4980,,
2026/4/3,エルトナスイセン,3890,,
2026/4/3,ようせいのひだね,1000,,
2026/4/3,超ようせいのひだね,105000,,
2026/4/3,ようせいの粉,100,,
2026/4/3,まんねん雪,170,,
2026/4/3,氷のけっしょう,240,,
2026/4/3,どくどくヘドロ,240,,
2026/4/3,ネコずな,210,,
2026/4/3,ふしぎなドロドロ,160,,
2026/4/3,まりょくの土,160,,
2026/4/3,みがきずな,180,,
2026/4/3,彼岸の砂,18700,,
2026/4/3,人魚の涙,18800,,
2026/4/3,悲願の血涙,10000,,
2026/4/3,神秘の鋼線,10947,,
2026/4/3,あまつゆのいと,1000,,
2026/4/3,超あまつゆのいと,116998,,
2026/4/3,宵闇のジェル,5000,,
2026/4/3,とこしえの虹,16400,,
2026/4/3,かがやきの樹液,1000,,
2026/4/3,超かがやきの樹液,139000,,
2026/4/3,汗と涙の結晶,3360,,
2026/4/3,純白の結晶,11700,,
2026/4/3,こんじきの雲,11900,,
2026/4/3,呪力のモト,5200,,
2026/4/3,竜の涙,6400,,
2026/4/3,トガリアのしずく,10200,,
2026/4/3,スーパーホネホネ,7000,,
2026/4/3,なないろのまゆ,320,,
2026/4/3,小さな貝がら,130,,
2026/4/3,大きな貝がら,1900,,
2026/4/3,赤いサンゴ,250,,
2026/4/3,きよめの水,100,,
2026/4/3,サバンナの水,140,,
2026/4/3,さざなみのしずく,300,,
2026/4/3,とげウニ,350,,
2026/4/3,うしのふん,110,,
2026/4/3,うまのふん,100,,
2026/4/3,いかずちのたま,1350,,
2026/4/3,よるのとばり,720,,
2026/4/3,天使のソーマ,1000,,
2026/4/3,ほしのカケラ,270,,
2026/4/3,ぶどうエキス,680,,
2026/4/3,せいじゃのはい,1300,,
2026/4/3,にじいろの布きれ,2000,,
2026/4/3,やわらかい肉,320,,
2026/4/3,しもふりミート,7000,,
2026/4/3,しんせんたまご,180,,
2026/4/3,おいしいミルク,240,,
2026/4/3,魚の切り身,320,,
2026/4/3,おおとろの切り身,980,,
2026/4/3,ごくじょうソルト,499,,
2026/4/3,こくうまソース,400,,
2026/4/3,ピリからペッパー,998,,
2026/4/3,デリシャスオイル,300,,
2026/4/3,シャークスキン,980,,
2026/4/3,ウェナールシェル,2700,,
2026/4/3,ドワチャカオイル,4900,,
2026/4/3,星々のナミダ,120,,
2026/4/3,黄金の飾り片手剣,18990,,
2026/4/3,黄金の飾り両手剣,14700,,
2026/4/3,黄金の飾り短剣,22990,,
2026/4/3,黄金の飾りヤリ,19999,,
2026/4/3,黄金の飾りオノ,27000,,
2026/4/3,黄金の飾りハンマー,17099,,
2026/4/3,黄金の飾りツメ,15900,,
2026/4/3,黄金の飾りブーメラン,15999,,
2026/4/3,黄金の飾りムチ,12000,,
2026/4/3,黄金の飾りスティック,15400,,
2026/4/3,黄金の飾り両手杖,24000,,
2026/4/3,黄金の飾り棍,24000,,
2026/4/3,黄金の飾り扇,15789,,
2026/4/3,黄金の飾り弓,24000,,
2026/4/3,黄金の飾り盾,21000,,
2026/4/3,黄金の飾りかぶと,22000,,
2026/4/3,黄金の飾りよろい上,17000,,
2026/4/3,黄金の飾りよろい下,19000,,
2026/4/3,黄金の飾りこて,19000,,
2026/4/3,黄金の飾りくつ,19000,,
2026/4/3,竜牙石,3000,,
2026/4/3,破魔石,1500,,
2026/4/3,輝晶核,1355000,,
2026/4/3,輝晶の砕片,14988,,
2026/4/3,閃輝晶核,469990,,
2026/4/3,閃輝晶の砕片,6999,,
2026/4/3,魔因細胞,102500,,
2026/4/3,魔因細胞のかけら,5000,,
2026/4/3,閃魔細胞,22222,,
2026/4/3,閃魔細胞のかけら,1150,,
2026/4/3,てつのクギ,100,,
2026/4/3,はがねの尾羽,4000,,
2026/4/3,するどいキバ,120,,
2026/4/3,するどい爪,110,,
2026/4/3,地竜のツメ,2900,,
2026/4/3,小さなホネ,130,,
2026/4/3,大きなホネ,1100,,
2026/4/3,まじゅうのホネ,650,,
2026/4/3,ドラゴンのホネ,600,,
2026/4/3,幻獣のホネ,5900,,
2026/4/3,まじゅうのツノ,5800,,
2026/4/3,ドラゴンのツノ,15000,,
2026/4/3,小さなこうら,250,,
2026/4/3,大きなこうら,1710,,
2026/4/3,けものの皮,120,,
2026/4/3,ふさふさの毛皮,160,,
2026/4/3,まじゅうの皮,2900,,
2026/4/3,ドラゴンの皮,8200,,
2026/4/3,幻獣の皮,6700,,
2026/4/3,小さなうろこ,230,,
2026/4/3,大きなうろこ,100,,
2026/4/3,水竜のうろこ,7000,,
2026/4/3,ちょうのはね,200,,
2026/4/3,こうもりのはね,240,,
2026/4/3,かぜきりのはね,11000,,
2026/4/3,やわらかウール,3500,,
2026/4/3,ガマのあぶら,280,,
2026/4/3,へびのぬけがら,2988,,
2026/4/3,よごれたほうたい,150,,
2026/4/3,スライムゼリー,350,,
2026/4/3,大地の羽毛,4400,,
2026/4/3,風竜の羽毛,3788,,
2026/4/3,激震のキバ,15499,,
2026/4/3,火竜のキバ,14000,,
2026/4/4,どうのこうせき,60,,today_price
2026/4/4,てっこうせき,120,,today_price
2026/4/4,ぎんのこうせき,240,,today_price
2026/4/4,プラチナこうせき,360,,today_price
2026/4/4,マデュライト,630,,today_price
2026/4/4,ナドラダイト鉱石,7000,,today_price
2026/4/4,アステライト鉱石,4700,,today_price
2026/4/4,デモニウム鉱石,9200,,today_price
2026/4/4,フォレース鉱石,8000,,today_price
2026/4/4,烈風石,12000,,today_price
2026/4/4,ゼーラズマ鉱石,11500,,today_price
2026/4/4,炎魔の焼け石,8600,,today_price
2026/4/4,暗夜の魔石,15500,,today_price
2026/4/4,ヘビーメタル,1300,,today_price
2026/4/4,せいれいせき,9200,,today_price
2026/4/4,げんませき,6000,,today_price
2026/4/4,小さな化石,150,,today_price
2026/4/4,大きな化石,2000,,today_price
2026/4/4,かがみ石,100,,today_price
2026/4/4,ひかりの石,310,,today_price
2026/4/4,つけもの石,110,,today_price
2026/4/4,ホカホカストーン,220,,today_price
2026/4/4,ようがんのカケラ,200,,today_price
2026/4/4,古代樹の化石,5500,,today_price
2026/4/4,おうごんのかけら,330,,today_price
2026/4/4,ゴールドストーン,1200,,today_price
2026/4/4,きんかい,3000,,today_price
2026/4/4,メタルのカケラ,4300,,today_price
2026/4/4,ピンクパール,220,,today_price
2026/4/4,ブラックパール,200,,today_price
2026/4/4,ホワイトパール,170,,today_price
2026/4/4,赤い宝石,1200,,today_price
2026/4/4,青い宝石,1200,,today_price
2026/4/4,黄色の宝石,1200,,today_price
2026/4/4,緑の宝石,1200,,today_price
2026/4/4,レッドアイ,250,,today_price
2026/4/4,ブルーアイ,280,,today_price
2026/4/4,イエローアイ,420,,today_price
2026/4/4,グリーンアイ,296,,today_price
2026/4/4,パープルアイ,239,,today_price
2026/4/4,ときのすいしょう,6000,,today_price
2026/4/4,おぼろ水晶,11500,,today_price
2026/4/4,レッドオーブ,2900,,today_price
2026/4/4,ブルーオーブ,2600,,today_price
2026/4/4,イエローオーブ,3390,,today_price
2026/4/4,グリーンオーブ,5260,,today_price
2026/4/4,パープルオーブ,2900,,today_price
2026/4/4,虹色のオーブ,11900,,today_price
2026/4/4,オグリドホーン,7000,,today_price
2026/4/4,やくそう,8,,today_price
2026/4/4,上やくそう,200,,today_price
2026/4/4,アモールの水,60,,today_price
2026/4/4,いやしそう,70,,today_price
2026/4/4,特やくそう,100,,today_price
2026/4/4,超やくそう,2000,,today_price
2026/4/4,どくけしそう,10,,today_price
2026/4/4,上どくけしそう,1,,today_price
2026/4/4,特どくけしそう,30,,today_price
2026/4/4,まんげつそう,30,,today_price
2026/4/4,きつけそう,800,,today_price
2026/4/4,つきのめぐみ,2500,,today_price
2026/4/4,天使のすず,1500,,today_price
2026/4/4,トラマナミスト,200,,today_price
2026/4/4,せかいじゅのしずく,1000,,today_price
2026/4/4,まほうの小ビン,50,,today_price
2026/4/4,まほうのせいすい,500,,today_price
2026/4/4,けんじゃのせいすい,650,,today_price
2026/4/4,ようせいの霊薬,700,,today_price
2026/4/4,せいれいの霊薬,1300,,today_price
2026/4/4,エルフの飲み薬,8200,,today_price
2026/4/4,ドルセリン,500,,today_price
2026/4/4,おたからさがしのすず,20,,today_price
2026/4/4,どくがのこな,20,,today_price
2026/4/4,まだらくも糸,50,,today_price
2026/4/4,ゆめみの花,50,,today_price
2026/4/4,めざめの花,50,,today_price
2026/4/4,カムシカせんべえ,980,,today_price
2026/4/4,王都の桜もち,980,,today_price
2026/4/4,ガタラのブタまん,980,,today_price
2026/4/4,銘菓　砂漠の月,980,,today_price
2026/4/4,アクロバットケーキ,980,,today_price
2026/4/4,メギス鶏のからあげ,980,,today_price
2026/4/4,とこなつココナッツ,980,,today_price
2026/4/4,女王様サブレ,980,,today_price
2026/4/4,げんこつアメ,980,,today_price
2026/4/4,オーガニックサラダ,980,,today_price
2026/4/4,コロシアムバーガー,980,,today_price
2026/4/4,グランドタイタス丼,980,,today_price
2026/4/4,経験値の秘薬・小,40000,,today_price
2026/4/4,やりなお草,1000,,today_price
2026/4/4,とりなお草,3000,,today_price
2026/4/4,レンタル衣装無料券,1000,,today_price
2026/4/4,スペシャルそうび券,2000,,today_price
2026/4/4,スペシャル家具庭具券,300,,today_price
2026/4/4,dqⅧ主人公券,17000,,today_price
2026/4/4,プスゴンきぐるみ券,900,,today_price
2026/4/4,ゴールドマン衣装券,300,,today_price
2026/4/4,ナスビナーラ衣装券,3500,,today_price
2026/4/4,ドルワーム研究服券,17171,,today_price
2026/4/4,サマーウルフ衣装券,333,,today_price
2026/4/4,マイタウン権利証・封書,14298000,,today_price
2026/4/4,美容院無料券,2000,,today_price
2026/4/4,ドレスアップ無料券,1770,,today_price
2026/4/4,ボスコイン無料券,47800,,today_price
2026/4/4,おたから花,260,,today_price
2026/4/4,銀のおたから花,5000,,today_price
2026/4/4,金のおたから花,24500,,today_price
2026/4/4,超おたから花サファイア,359,,today_price
2026/4/4,超おたから花ルビー,3890,,today_price
2026/4/4,超おたから花ダイヤ,11900,,today_price
2026/4/4,ラウルのゴーグルケース,2500000,,today_price
2026/4/4,お祝いクラッカー,5700,,today_price
2026/4/4,色見本・アイビー,99999,,today_price
2026/4/4,色見本・きみどり,107900,,today_price
2026/4/4,色見本・ライトイエロ,107800,,today_price
2026/4/4,色見本・やまぶき,108000,,today_price
2026/4/4,色見本・トマト,110999,,today_price
2026/4/4,色見本・ホットピンク,104900,,today_price
2026/4/4,色見本・みずいろ,99000,,today_price
2026/4/4,色見本・ゼニスブルー,139000,,today_price
2026/4/4,色見本・グレープ,110000,,today_price
2026/4/4,色見本・フォグブルー,105000,,today_price
2026/4/4,女神のガーベラ,640000,,today_price
2026/4/4,妖精のスイートピー,222222,,today_price
2026/4/4,マヒャドかき氷,100,,today_price
2026/4/4,竜の書・白,520000,,today_price
2026/4/4,竜の書・黒,550000,,today_price
2026/4/4,天使のスズラン,5670,,today_price
2026/4/4,麻の糸,60,,today_price
2026/4/4,コットン草,120,,today_price
2026/4/4,シルク草,240,,today_price
2026/4/4,かがやきそう,360,,today_price
2026/4/4,妖精の綿花,2380,,today_price
2026/4/4,天竜草,4700,,today_price
2026/4/4,うつろい草,9480,,today_price
2026/4/4,マゴニア草,7800,,today_price
2026/4/4,星光の糸,8899,,today_price
2026/4/4,ナイトメアリーフ,11500,,today_price
2026/4/4,光彩の布,8300,,today_price
2026/4/4,ささやく枯れ葉,5200,,today_price
2026/4/4,みかわしそう,310,,today_price
2026/4/4,あやかしそう,290,,today_price
2026/4/4,さとりそう,270,,today_price
2026/4/4,花のみつ,180,,today_price
2026/4/4,さえずりのみつ,210,,today_price
2026/4/4,スライムおしゃれ花,200,,today_price
2026/4/4,しおかぜ草,230,,today_price
2026/4/4,サンドフルーツ,987,,today_price
2026/4/4,やわらかい枝,60,,today_price
2026/4/4,じょうぶな枝,120,,today_price
2026/4/4,しなやかな枝,240,,today_price
2026/4/4,きれいな枝,360,,today_price
2026/4/4,まほうの樹木,800,,today_price
2026/4/4,巨竜樹の枝,7500,,today_price
2026/4/4,魔紅樹の板,550,,today_price
2026/4/4,天の香木,980,,today_price
2026/4/4,ガーデスの枝,4700,,today_price
2026/4/4,水の樹木,370,,today_price
2026/4/4,暗黒の樹木,390,,today_price
2026/4/4,氷の樹木,340,,today_price
2026/4/4,炎の樹木,320,,today_price
2026/4/4,ホワイトウッド,310,,today_price
2026/4/4,サバンナウッド,280,,today_price
2026/4/4,レッドベリー,120,,today_price
2026/4/4,カオスベリー,17000,,today_price
2026/4/4,カチコチくるみ,220,,today_price
2026/4/4,緑のコケ,140,,today_price
2026/4/4,たそがれゴケ,5200,,today_price
2026/4/4,うるわしキノコ,160,,today_price
2026/4/4,げんこつダケ,260,,today_price
2026/4/4,ビッグサボテン,5000,,today_price
2026/4/4,さくらの花びら,160,,today_price
2026/4/4,ヤシの実,270,,today_price
2026/4/4,ふしぎな海草,160,,today_price
2026/4/4,まんまるポテト,640,,today_price
2026/4/4,ジャンボ玉ネギ,640,,today_price
2026/4/4,しゃっきりレタス,640,,today_price
2026/4/4,ふわふわ小麦,640,,today_price
2026/4/4,ライスフラワー,640,,today_price
2026/4/4,びっくりトマト,5400,,today_price
2026/4/4,レンダーシード,3000,,today_price
2026/4/4,プクランサフラン,7000,,today_price
2026/4/4,エルトナスイセン,3800,,today_price
2026/4/4,ようせいのひだね,1000,,today_price
2026/4/4,超ようせいのひだね,104800,,today_price
2026/4/4,ようせいの粉,100,,today_price
2026/4/4,まんねん雪,170,,today_price
2026/4/4,氷のけっしょう,240,,today_price
2026/4/4,どくどくヘドロ,240,,today_price
2026/4/4,ネコずな,210,,today_price
2026/4/4,ふしぎなドロドロ,160,,today_price
2026/4/4,まりょくの土,160,,today_price
2026/4/4,みがきずな,180,,today_price
2026/4/4,彼岸の砂,15000,,today_price
2026/4/4,人魚の涙,17500,,today_price
2026/4/4,悲願の血涙,10500,,today_price
2026/4/4,神秘の鋼線,9800,,today_price
2026/4/4,あまつゆのいと,1000,,today_price
2026/4/4,超あまつゆのいと,117000,,today_price
2026/4/4,宵闇のジェル,4890,,today_price
2026/4/4,とこしえの虹,12000,,today_price
2026/4/4,かがやきの樹液,1000,,today_price
2026/4/4,超かがやきの樹液,139000,,today_price
2026/4/4,汗と涙の結晶,3350,,today_price
2026/4/4,純白の結晶,12000,,today_price
2026/4/4,こんじきの雲,12000,,today_price
2026/4/4,呪力のモト,6650,,today_price
2026/4/4,竜の涙,7500,,today_price
2026/4/4,トガリアのしずく,10800,,today_price
2026/4/4,スーパーホネホネ,6000,,today_price
2026/4/4,なないろのまゆ,320,,today_price
2026/4/4,小さな貝がら,130,,today_price
2026/4/4,大きな貝がら,1500,,today_price
2026/4/4,赤いサンゴ,250,,today_price
2026/4/4,きよめの水,100,,today_price
2026/4/4,サバンナの水,140,,today_price
2026/4/4,さざなみのしずく,300,,today_price
2026/4/4,とげウニ,440,,today_price
2026/4/4,うしのふん,129,,today_price
2026/4/4,うまのふん,150,,today_price
2026/4/4,いかずちのたま,1350,,today_price
2026/4/4,よるのとばり,720,,today_price
2026/4/4,天使のソーマ,800,,today_price
2026/4/4,ほしのカケラ,270,,today_price
2026/4/4,ぶどうエキス,680,,today_price
2026/4/4,せいじゃのはい,1300,,today_price
2026/4/4,にじいろの布きれ,2400,,today_price
2026/4/4,やわらかい肉,320,,today_price
2026/4/4,しもふりミート,7000,,today_price
2026/4/4,しんせんたまご,180,,today_price
2026/4/4,おいしいミルク,240,,today_price
2026/4/4,魚の切り身,320,,today_price
2026/4/4,おおとろの切り身,900,,today_price
2026/4/4,ごくじょうソルト,300,,today_price
2026/4/4,こくうまソース,390,,today_price
2026/4/4,ピリからペッパー,280,,today_price
2026/4/4,デリシャスオイル,300,,today_price
2026/4/4,シャークスキン,500,,today_price
2026/4/4,ウェナールシェル,2960,,today_price
2026/4/4,ドワチャカオイル,4200,,today_price
2026/4/4,星々のナミダ,120,,today_price
2026/4/4,黄金の飾り片手剣,22000,,today_price
2026/4/4,黄金の飾り両手剣,14000,,today_price
2026/4/4,黄金の飾り短剣,22900,,today_price
2026/4/4,黄金の飾りヤリ,20000,,today_price
2026/4/4,黄金の飾りオノ,24000,,today_price
2026/4/4,黄金の飾りハンマー,17000,,today_price
2026/4/4,黄金の飾りツメ,17000,,today_price
2026/4/4,黄金の飾りブーメラン,20000,,today_price
2026/4/4,黄金の飾りムチ,13000,,today_price
2026/4/4,黄金の飾りスティック,11000,,today_price
2026/4/4,黄金の飾り両手杖,70000,,today_price
2026/4/4,黄金の飾り棍,25000,,today_price
2026/4/4,黄金の飾り扇,15550,,today_price
2026/4/4,黄金の飾り弓,25000,,today_price
2026/4/4,黄金の飾り盾,22000,,today_price
2026/4/4,黄金の飾りかぶと,18000,,today_price
2026/4/4,黄金の飾りよろい上,21000,,today_price
2026/4/4,黄金の飾りよろい下,21000,,today_price
2026/4/4,黄金の飾りこて,21000,,today_price
2026/4/4,黄金の飾りくつ,18333,,today_price
2026/4/4,竜牙石,3320,,today_price
2026/4/4,破魔石,1450,,today_price
2026/4/4,輝晶核,1349990,,today_price
2026/4/4,輝晶の砕片,15000,,today_price
2026/4/4,閃輝晶核,460000,,today_price
2026/4/4,閃輝晶の砕片,7900,,today_price
2026/4/4,魔因細胞,102000,,today_price
2026/4/4,魔因細胞のかけら,5125,,today_price
2026/4/4,閃魔細胞,22400,,today_price
2026/4/4,閃魔細胞のかけら,1000,,today_price
2026/4/4,てつのクギ,100,,today_price
2026/4/4,はがねの尾羽,2170,,today_price
2026/4/4,するどいキバ,120,,today_price
2026/4/4,するどい爪,110,,today_price
2026/4/4,地竜のツメ,2690,,today_price
2026/4/4,小さなホネ,130,,today_price
2026/4/4,大きなホネ,1350,,today_price
2026/4/4,まじゅうのホネ,598,,today_price
2026/4/4,ドラゴンのホネ,400,,today_price
2026/4/4,幻獣のホネ,6000,,today_price
2026/4/4,まじゅうのツノ,2040,,today_price
2026/4/4,ドラゴンのツノ,14000,,today_price
2026/4/4,小さなこうら,250,,today_price
2026/4/4,大きなこうら,1880,,today_price
2026/4/4,けものの皮,120,,today_price
2026/4/4,ふさふさの毛皮,160,,today_price
2026/4/4,まじゅうの皮,2300,,today_price
2026/4/4,ドラゴンの皮,8100,,today_price
2026/4/4,幻獣の皮,7700,,today_price
2026/4/4,小さなうろこ,230,,today_price
2026/4/4,大きなうろこ,350,,today_price
2026/4/4,水竜のうろこ,5200,,today_price
2026/4/4,ちょうのはね,200,,today_price
2026/4/4,こうもりのはね,240,,today_price
2026/4/4,かぜきりのはね,7900,,today_price
2026/4/4,やわらかウール,2200,,today_price
2026/4/4,ガマのあぶら,280,,today_price
2026/4/4,へびのぬけがら,2200,,today_price
2026/4/4,よごれたほうたい,180,,today_price
2026/4/4,スライムゼリー,350,,today_price
2026/4/4,大地の羽毛,3000,,today_price
2026/4/4,風竜の羽毛,2000,,today_price
2026/4/4,激震のキバ,16000,,today_price
2026/4/4,火竜のキバ,15500,,today_price
2026/4/5,マデュライト,780,,
2026/4/5,ナドラダイト鉱石,6590,,
2026/4/5,アステライト鉱石,5100,,
2026/4/5,デモニウム鉱石,10800,,
2026/4/5,フォレース鉱石,8550,,
2026/4/5,烈風石,11000,,
2026/4/5,ゼーラズマ鉱石,11500,,
2026/4/5,炎魔の焼け石,6500,,
2026/4/5,暗夜の魔石,12700,,
2026/4/5,ヘビーメタル,2000,,
2026/4/5,せいれいせき,10525,,
2026/4/5,げんませき,5200,,
2026/4/5,大きな化石,1500,,
2026/4/5,かがみ石,100,,
2026/4/5,古代樹の化石,6500,,
2026/4/5,おうごんのかけら,300,,
2026/4/5,ゴールドストーン,1000,,
2026/4/5,きんかい,3000,,
2026/4/5,メタルのカケラ,6800,,
2026/4/5,ピンクパール,200,,
2026/4/5,ブラックパール,200,,
2026/4/5,ホワイトパール,200,,
2026/4/5,レッドアイ,250,,
2026/4/5,ブルーアイ,250,,
2026/4/5,イエローアイ,250,,
2026/4/5,グリーンアイ,255,,
2026/4/5,パープルアイ,250,,
2026/4/5,おぼろ水晶,12500,,
2026/4/5,レッドオーブ,2700,,
2026/4/5,ブルーオーブ,2800,,
2026/4/5,イエローオーブ,3000,,
2026/4/5,グリーンオーブ,4600,,
2026/4/5,パープルオーブ,3000,,
2026/4/5,虹色のオーブ,11890,,
2026/4/5,オグリドホーン,7500,,
2026/4/5,つきのめぐみ,4500,,
2026/4/5,天使のすず,1100,,
2026/4/5,エルフの飲み薬,7700,,
2026/4/5,マイタウン権利証・封書,142969999,,
2026/4/5,ボスコイン無料券,40000,,
2026/4/5,超おたから花サファイア,380,,
2026/4/5,超おたから花ルビー,4080,,
2026/4/5,超おたから花ダイヤ,12400,,
2026/4/5,色見本・アイビー,101000,,
2026/4/5,色見本・きみどり,108500,,
2026/4/5,色見本・ライトイエロ,120000,,
2026/4/5,色見本・やまぶき,149711,,
2026/4/5,色見本・トマト,119800,,
2026/4/5,色見本・ホットピンク,111111,,
2026/4/5,色見本・みずいろ,119000,,
2026/4/5,色見本・ゼニスブルー,128000,,
2026/4/5,色見本・グレープ,179000,,
2026/4/5,色見本・フォグブルー,105000,,
2026/4/5,女神のガーベラ,640000,,
2026/4/5,妖精のスイートピー,222222,,
2026/4/5,マヒャドかき氷,100,,
2026/4/5,竜の書・白,640000,,
2026/4/5,竜の書・黒,688000,,
2026/4/5,天使のスズラン,5670,,
2026/4/5,妖精の綿花,700,,
2026/4/5,天竜草,4740,,
2026/4/5,うつろい草,7600,,
2026/4/5,マゴニア草,7000,,
2026/4/5,星光の糸,7750,,
2026/4/5,ナイトメアリーフ,11400,,
2026/4/5,光彩の布,7700,,
2026/4/5,ささやく枯れ葉,5700,,
2026/4/5,スライムおしゃれ花,300,,
2026/4/5,サンドフルーツ,980,,
2026/4/5,まほうの樹木,800,,
2026/4/5,巨竜樹の枝,5000,,
2026/4/5,魔紅樹の板,600,,
2026/4/5,天の香木,800,,
2026/4/5,ガーデスの枝,4000,,
2026/4/5,カオスベリー,15000,,
2026/4/5,たそがれゴケ,5300,,
2026/4/5,ビッグサボテン,5100,,
2026/4/5,びっくりトマト,5333,,
2026/4/5,レンダーシード,2500,,
2026/4/5,プクランサフラン,6500,,
2026/4/5,エルトナスイセン,3400,,
2026/4/5,超ようせいのひだね,108000,,
2026/4/5,彼岸の砂,17000,,
2026/4/5,人魚の涙,18999,,
2026/4/5,悲願の血涙,9000,,
2026/4/5,神秘の鋼線,10000,,
2026/4/5,超あまつゆのいと,178998,,
2026/4/5,宵闇のジェル,5100,,
2026/4/5,とこしえの虹,15100,,
2026/4/5,超かがやきの樹液,153000,,
2026/4/5,汗と涙の結晶,3333,,
2026/4/5,純白の結晶,10600,,
2026/4/5,こんじきの雲,12800,,
2026/4/5,呪力のモト,4800,,
2026/4/5,竜の涙,6000,,
2026/4/5,トガリアのしずく,9600,,
2026/4/5,スーパーホネホネ,7000,,
2026/4/5,大きな貝がら,2000,,
2026/4/5,とげウニ,300,,
2026/4/5,うしのふん,190,,
2026/4/5,うまのふん,222,,
2026/4/5,天使のソーマ,1000,,
2026/4/5,にじいろの布きれ,2000,,
2026/4/5,しもふりミート,7000,,
2026/4/5,おおとろの切り身,550,,
2026/4/5,ごくじょうソルト,400,,
2026/4/5,こくうまソース,500,,
2026/4/5,ピリからペッパー,400,,
2026/4/5,シャークスキン,430,,
2026/4/5,ウェナールシェル,3700,,
2026/4/5,ドワチャカオイル,4300,,
2026/4/5,黄金の飾り片手剣,16700,,
2026/4/5,黄金の飾り両手剣,12000,,
2026/4/5,黄金の飾り短剣,14999,,
2026/4/5,黄金の飾りヤリ,20000,,
2026/4/5,黄金の飾りオノ,20000,,
2026/4/5,黄金の飾りハンマー,14900,,
2026/4/5,黄金の飾りツメ,28500,,
2026/4/5,黄金の飾りブーメラン,11000,,
2026/4/5,黄金の飾りムチ,13900,,
2026/4/5,黄金の飾りスティック,14000,,
2026/4/5,黄金の飾り両手杖,20990,,
2026/4/5,黄金の飾り棍,23699,,
2026/4/5,黄金の飾り扇,8888,,
2026/4/5,黄金の飾り弓,24300,,
2026/4/5,黄金の飾り盾,15000,,
2026/4/5,黄金の飾りかぶと,17000,,
2026/4/5,黄金の飾りよろい上,18000,,
2026/4/5,黄金の飾りよろい下,15000,,
2026/4/5,黄金の飾りこて,18000,,
2026/4/5,黄金の飾りくつ,20000,,
2026/4/5,竜牙石,3000,,
2026/4/5,破魔石,1550,,
2026/4/5,輝晶核,1330000,,
2026/4/5,輝晶の砕片,14980,,
2026/4/5,閃輝晶核,459389,,
2026/4/5,閃輝晶の砕片,6199,,
2026/4/5,魔因細胞,102099,,
2026/4/5,魔因細胞のかけら,5100,,
2026/4/5,閃魔細胞,23879,,
2026/4/5,閃魔細胞のかけら,1250,,
2026/4/5,てつのクギ,100,,
2026/4/5,はがねの尾羽,2000,,
2026/4/5,地竜のツメ,1515,,
2026/4/5,大きなホネ,800,,
2026/4/5,まじゅうのホネ,400,,
2026/4/5,ドラゴンのホネ,400,,
2026/4/5,幻獣のホネ,5000,,
2026/4/5,まじゅうのツノ,2500,,
2026/4/5,ドラゴンのツノ,13489,,
2026/4/5,大きなこうら,1799,,
2026/4/5,まじゅうの皮,2770,,
2026/4/5,ドラゴンの皮,7379,,
2026/4/5,幻獣の皮,7600,,
2026/4/5,大きなうろこ,100,,
2026/4/5,水竜のうろこ,5600,,
2026/4/5,かぜきりのはね,7600,,
2026/4/5,やわらかウール,2000,,
2026/4/5,へびのぬけがら,900,,
2026/4/5,よごれたほうたい,120,,
2026/4/5,大地の羽毛,3000,,
2026/4/5,風竜の羽毛,2400,,
2026/4/5,激震のキバ,11000,,
2026/4/5,火竜のキバ,15400,,
2026/4/8,どうのこうせき,60,,
2026/4/8,てっこうせき,120,,
2026/4/8,ぎんのこうせき,240,,
2026/4/8,プラチナこうせき,360,,
2026/4/8,マデュライト,500,,
2026/4/8,ナドラダイト鉱石,6900,,
2026/4/8,アステライト鉱石,4800,,
2026/4/8,デモニウム鉱石,10500,,
2026/4/8,フォレース鉱石,11000,,
2026/4/8,烈風石,12000,,
2026/4/8,ゼーラズマ鉱石,11100,,
2026/4/8,炎魔の焼け石,10000,,
2026/4/8,暗夜の魔石,13500,,
2026/4/8,ヘビーメタル,3000,,
2026/4/8,せいれいせき,8900,,
2026/4/8,げんませき,6000,,
2026/4/8,小さな化石,150,,
2026/4/8,大きな化石,2000,,
2026/4/8,かがみ石,120,,
2026/4/8,ひかりの石,310,,
2026/4/8,つけもの石,110,,
2026/4/8,ホカホカストーン,220,,
2026/4/8,ようがんのカケラ,200,,
2026/4/8,古代樹の化石,6800,,
2026/4/8,おうごんのかけら,300,,
2026/4/8,ゴールドストーン,1000,,
2026/4/8,きんかい,3000,,
2026/4/8,メタルのカケラ,6500,,
2026/4/8,ピンクパール,200,,
2026/4/8,ブラックパール,200,,
2026/4/8,ホワイトパール,200,,
2026/4/8,赤い宝石,1200,,
2026/4/8,青い宝石,1200,,
2026/4/8,黄色の宝石,1200,,
2026/4/8,緑の宝石,1200,,
2026/4/8,レッドアイ,250,,
2026/4/8,ブルーアイ,250,,
2026/4/8,イエローアイ,250,,
2026/4/8,グリーンアイ,255,,
2026/4/8,パープルアイ,250,,
2026/4/8,ときのすいしょう,6000,,
2026/4/8,おぼろ水晶,10000,,
2026/4/8,レッドオーブ,3000,,
2026/4/8,ブルーオーブ,3000,,
2026/4/8,イエローオーブ,3800,,
2026/4/8,グリーンオーブ,5000,,
2026/4/8,パープルオーブ,2800,,
2026/4/8,虹色のオーブ,11869,,
2026/4/8,オグリドホーン,8000,,
2026/4/8,やくそう,8,,
2026/4/8,上やくそう,200,,
2026/4/8,アモールの水,60,,
2026/4/8,いやしそう,70,,
2026/4/8,特やくそう,100,,
2026/4/8,超やくそう,2000,,
2026/4/8,どくけしそう,10,,
2026/4/8,上どくけしそう,1,,
2026/4/8,特どくけしそう,30,,
2026/4/8,まんげつそう,30,,
2026/4/8,きつけそう,800,,
2026/4/8,つきのめぐみ,4200,,
2026/4/8,天使のすず,1100,,
2026/4/8,トラマナミスト,200,,
2026/4/8,せかいじゅのしずく,1000,,
2026/4/8,まほうの小ビン,50,,
2026/4/8,まほうのせいすい,500,,
2026/4/8,けんじゃのせいすい,650,,
2026/4/8,ようせいの霊薬,700,,
2026/4/8,せいれいの霊薬,1300,,
2026/4/8,エルフの飲み薬,7400,,
2026/4/8,ドルセリン,500,,
2026/4/8,おたからさがしのすず,20,,
2026/4/8,どくがのこな,20,,
2026/4/8,まだらくも糸,50,,
2026/4/8,ゆめみの花,50,,
2026/4/8,めざめの花,50,,
2026/4/8,カムシカせんべえ,980,,
2026/4/8,王都の桜もち,980,,
2026/4/8,ガタラのブタまん,980,,
2026/4/8,銘菓　砂漠の月,980,,
2026/4/8,アクロバットケーキ,980,,
2026/4/8,メギス鶏のからあげ,980,,
2026/4/8,とこなつココナッツ,980,,
2026/4/8,女王様サブレ,980,,
2026/4/8,げんこつアメ,980,,
2026/4/8,オーガニックサラダ,980,,
2026/4/8,コロシアムバーガー,980,,
2026/4/8,グランドタイタス丼,980,,
2026/4/8,経験値の秘薬・小,40000,,
2026/4/8,やりなお草,1000,,
2026/4/8,とりなお草,3000,,
2026/4/8,レンタル衣装無料券,1000,,
2026/4/8,スペシャルそうび券,2000,,
2026/4/8,スペシャル家具庭具券,300,,
2026/4/8,dqⅧ主人公券,17000,,
2026/4/8,プスゴンきぐるみ券,900,,
2026/4/8,ゴールドマン衣装券,300,,
2026/4/8,ナスビナーラ衣装券,3500,,
2026/4/8,ドルワーム研究服券,17171,,
2026/4/8,サマーウルフ衣装券,333,,
2026/4/8,マイタウン権利証・封書,143111111,,
2026/4/8,美容院無料券,2000,,
2026/4/8,ドレスアップ無料券,1770,,
2026/4/8,ボスコイン無料券,47500,,
2026/4/8,おたから花,260,,
2026/4/8,銀のおたから花,5000,,
2026/4/8,金のおたから花,24500,,
2026/4/8,超おたから花サファイア,370,,
2026/4/8,超おたから花ルビー,4050,,
2026/4/8,超おたから花ダイヤ,11600,,
2026/4/8,ラウルのゴーグルケース,2500000,,
2026/4/8,お祝いクラッカー,5700,,
2026/4/8,色見本・アイビー,117900,,
2026/4/8,色見本・きみどり,110000,,
2026/4/8,色見本・ライトイエロ,109800,,
2026/4/8,色見本・やまぶき,110000,,
2026/4/8,色見本・トマト,109800,,
2026/4/8,色見本・ホットピンク,115000,,
2026/4/8,色見本・みずいろ,110000,,
2026/4/8,色見本・ゼニスブルー,116000,,
2026/4/8,色見本・グレープ,112700,,
2026/4/8,色見本・フォグブルー,105000,,
2026/4/8,女神のガーベラ,640000,,
2026/4/8,妖精のスイートピー,222222,,
2026/4/8,マヒャドかき氷,100,,
2026/4/8,竜の書・白,700000,,
2026/4/8,竜の書・黒,608000,,
2026/4/8,天使のスズラン,5670,,
2026/4/8,麻の糸,60,,
2026/4/8,コットン草,120,,
2026/4/8,シルク草,240,,
2026/4/8,かがやきそう,360,,
2026/4/8,妖精の綿花,400,,
2026/4/8,天竜草,4890,,
2026/4/8,うつろい草,9400,,
2026/4/8,マゴニア草,7000,,
2026/4/8,星光の糸,9500,,
2026/4/8,ナイトメアリーフ,12500,,
2026/4/8,光彩の布,8000,,
2026/4/8,ささやく枯れ葉,5250,,
2026/4/8,みかわしそう,310,,
2026/4/8,あやかしそう,290,,
2026/4/8,さとりそう,270,,
2026/4/8,花のみつ,180,,
2026/4/8,さえずりのみつ,210,,
2026/4/8,スライムおしゃれ花,300,,
2026/4/8,しおかぜ草,230,,
2026/4/8,サンドフルーツ,1100,,
2026/4/8,やわらかい枝,60,,
2026/4/8,じょうぶな枝,120,,
2026/4/8,しなやかな枝,240,,
2026/4/8,きれいな枝,360,,
2026/4/8,まほうの樹木,1000,,
2026/4/8,巨竜樹の枝,4699,,
2026/4/8,魔紅樹の板,300,,
2026/4/8,天の香木,700,,
2026/4/8,ガーデスの枝,4200,,
2026/4/8,水の樹木,370,,
2026/4/8,暗黒の樹木,390,,
2026/4/8,氷の樹木,340,,
2026/4/8,炎の樹木,320,,
2026/4/8,ホワイトウッド,310,,
2026/4/8,サバンナウッド,280,,
2026/4/8,レッドベリー,120,,
2026/4/8,カオスベリー,17100,,
2026/4/8,カチコチくるみ,220,,
2026/4/8,緑のコケ,140,,
2026/4/8,たそがれゴケ,5800,,
2026/4/8,うるわしキノコ,160,,
2026/4/8,げんこつダケ,260,,
2026/4/8,ビッグサボテン,5100,,
2026/4/8,さくらの花びら,160,,
2026/4/8,ヤシの実,270,,
2026/4/8,ふしぎな海草,160,,
2026/4/8,まんまるポテト,640,,
2026/4/8,ジャンボ玉ネギ,640,,
2026/4/8,しゃっきりレタス,640,,
2026/4/8,ふわふわ小麦,640,,
2026/4/8,ライスフラワー,640,,
2026/4/8,びっくりトマト,5655,,
2026/4/8,レンダーシード,4000,,
2026/4/8,プクランサフラン,7100,,
2026/4/8,エルトナスイセン,8000,,
2026/4/8,ようせいのひだね,1000,,
2026/4/8,超ようせいのひだね,115000,,
2026/4/8,ようせいの粉,100,,
2026/4/8,まんねん雪,170,,
2026/4/8,氷のけっしょう,240,,
2026/4/8,どくどくヘドロ,240,,
2026/4/8,ネコずな,210,,
2026/4/8,ふしぎなドロドロ,160,,
2026/4/8,まりょくの土,160,,
2026/4/8,みがきずな,180,,
2026/4/8,彼岸の砂,17000,,
2026/4/8,人魚の涙,17000,,
2026/4/8,悲願の血涙,9500,,
2026/4/8,神秘の鋼線,8200,,
2026/4/8,あまつゆのいと,1000,,
2026/4/8,超あまつゆのいと,116833,,
2026/4/8,宵闇のジェル,6000,,
2026/4/8,とこしえの虹,14300,,
2026/4/8,かがやきの樹液,1000,,
2026/4/8,超かがやきの樹液,127000,,
2026/4/8,汗と涙の結晶,3290,,
2026/4/8,純白の結晶,9900,,
2026/4/8,こんじきの雲,11400,,
2026/4/8,呪力のモト,4800,,
2026/4/8,竜の涙,8000,,
2026/4/8,トガリアのしずく,10500,,
2026/4/8,スーパーホネホネ,7100,,
2026/4/8,なないろのまゆ,320,,
2026/4/8,小さな貝がら,130,,
2026/4/8,大きな貝がら,1800,,
2026/4/8,赤いサンゴ,250,,
2026/4/8,きよめの水,100,,
2026/4/8,サバンナの水,140,,
2026/4/8,さざなみのしずく,300,,
2026/4/8,とげウニ,900,,
2026/4/8,うしのふん,120,,
2026/4/8,うまのふん,110,,
2026/4/8,いかずちのたま,1350,,
2026/4/8,よるのとばり,720,,
2026/4/8,天使のソーマ,1100,,
2026/4/8,ほしのカケラ,270,,
2026/4/8,ぶどうエキス,680,,
2026/4/8,せいじゃのはい,1300,,
2026/4/8,にじいろの布きれ,2000,,
2026/4/8,やわらかい肉,320,,
2026/4/8,しもふりミート,6800,,
2026/4/8,しんせんたまご,180,,
2026/4/8,おいしいミルク,240,,
2026/4/8,魚の切り身,320,,
2026/4/8,おおとろの切り身,550,,
2026/4/8,ごくじょうソルト,350,,
2026/4/8,こくうまソース,900,,
2026/4/8,ピリからペッパー,300,,
2026/4/8,デリシャスオイル,300,,
2026/4/8,シャークスキン,899,,
2026/4/8,ウェナールシェル,3200,,
2026/4/8,ドワチャカオイル,4000,,
2026/4/8,星々のナミダ,120,,
2026/4/8,黄金の飾り片手剣,19899,,
2026/4/8,黄金の飾り両手剣,11600,,
2026/4/8,黄金の飾り短剣,22000,,
2026/4/8,黄金の飾りヤリ,19933,,
2026/4/8,黄金の飾りオノ,47300,,
2026/4/8,黄金の飾りハンマー,21000,,
2026/4/8,黄金の飾りツメ,18000,,
2026/4/8,黄金の飾りブーメラン,17900,,
2026/4/8,黄金の飾りムチ,10000,,
2026/4/8,黄金の飾りスティック,11700,,
2026/4/8,黄金の飾り両手杖,25000,,
2026/4/8,黄金の飾り棍,21000,,
2026/4/8,黄金の飾り扇,23988,,
2026/4/8,黄金の飾り弓,22000,,
2026/4/8,黄金の飾り盾,21000,,
2026/4/8,黄金の飾りかぶと,20000,,
2026/4/8,黄金の飾りよろい上,19000,,
2026/4/8,黄金の飾りよろい下,17000,,
2026/4/8,黄金の飾りこて,19000,,
2026/4/8,黄金の飾りくつ,19500,,
2026/4/8,竜牙石,3000,,
2026/4/8,破魔石,1470,,
2026/4/8,輝晶核,1316900,,
2026/4/8,輝晶の砕片,15999,,
2026/4/8,閃輝晶核,424999,,
2026/4/8,閃輝晶の砕片,6800,,
2026/4/8,魔因細胞,101000,,
2026/4/8,魔因細胞のかけら,5090,,
2026/4/8,閃魔細胞,20000,,
2026/4/8,閃魔細胞のかけら,1180,,
2026/4/8,てつのクギ,100,,
2026/4/8,はがねの尾羽,2470,,
2026/4/8,するどいキバ,120,,
2026/4/8,するどい爪,110,,
2026/4/8,地竜のツメ,2500,,
2026/4/8,小さなホネ,130,,
2026/4/8,大きなホネ,1000,,
2026/4/8,まじゅうのホネ,900,,
2026/4/8,ドラゴンのホネ,500,,
2026/4/8,幻獣のホネ,6000,,
2026/4/8,まじゅうのツノ,2200,,
2026/4/8,ドラゴンのツノ,14799,,
2026/4/8,小さなこうら,250,,
2026/4/8,大きなこうら,1670,,
2026/4/8,けものの皮,120,,
2026/4/8,ふさふさの毛皮,160,,
2026/4/8,まじゅうの皮,2100,,
2026/4/8,ドラゴンの皮,8100,,
2026/4/8,幻獣の皮,7850,,
2026/4/8,小さなうろこ,230,,
2026/4/8,大きなうろこ,2000,,
2026/4/8,水竜のうろこ,6000,,
2026/4/8,ちょうのはね,200,,
2026/4/8,こうもりのはね,240,,
2026/4/8,かぜきりのはね,6890,,
2026/4/8,やわらかウール,1900,,
2026/4/8,ガマのあぶら,280,,
2026/4/8,へびのぬけがら,1700,,
2026/4/8,よごれたほうたい,120,,
2026/4/8,スライムゼリー,350,,
2026/4/8,大地の羽毛,1900,,
2026/4/8,風竜の羽毛,1990,,
2026/4/8,激震のキバ,17800,,
2026/4/8,火竜のキバ,17000,,
2026/4/9,どうのこうせき,60,,
2026/4/9,てっこうせき,120,,
2026/4/9,ぎんのこうせき,240,,
2026/4/9,プラチナこうせき,360,,
2026/4/9,マデュライト,700,,
2026/4/9,ナドラダイト鉱石,6600,,
2026/4/9,アステライト鉱石,5800,,
2026/4/9,デモニウム鉱石,9900,,
2026/4/9,フォレース鉱石,7000,,
2026/4/9,烈風石,11000,,
2026/4/9,ゼーラズマ鉱石,10600,,
2026/4/9,炎魔の焼け石,10800,,
2026/4/9,暗夜の魔石,13200,,
2026/4/9,ヘビーメタル,2850,,
2026/4/9,せいれいせき,9000,,
2026/4/9,げんませき,5300,,
2026/4/9,小さな化石,150,,
2026/4/9,大きな化石,1500,,
2026/4/9,かがみ石,100,,
2026/4/9,ひかりの石,310,,
2026/4/9,つけもの石,110,,
2026/4/9,ホカホカストーン,220,,
2026/4/9,ようがんのカケラ,200,,
2026/4/9,古代樹の化石,7000,,
2026/4/9,おうごんのかけら,300,,
2026/4/9,ゴールドストーン,1000,,
2026/4/9,きんかい,3000,,
2026/4/9,メタルのカケラ,6700,,
2026/4/9,ピンクパール,200,,
2026/4/9,ブラックパール,200,,
2026/4/9,ホワイトパール,200,,
2026/4/9,赤い宝石,1200,,
2026/4/9,青い宝石,1200,,
2026/4/9,黄色の宝石,1200,,
2026/4/9,緑の宝石,1200,,
2026/4/9,レッドアイ,250,,
2026/4/9,ブルーアイ,250,,
2026/4/9,イエローアイ,250,,
2026/4/9,グリーンアイ,255,,
2026/4/9,パープルアイ,250,,
2026/4/9,ときのすいしょう,6000,,
2026/4/9,おぼろ水晶,11000,,
2026/4/9,レッドオーブ,3100,,
2026/4/9,ブルーオーブ,3000,,
2026/4/9,イエローオーブ,4200,,
2026/4/9,グリーンオーブ,4400,,
2026/4/9,パープルオーブ,2500,,
2026/4/9,虹色のオーブ,15000,,
2026/4/9,オグリドホーン,5900,,
2026/4/9,やくそう,8,,
2026/4/9,上やくそう,200,,
2026/4/9,アモールの水,60,,
2026/4/9,いやしそう,70,,
2026/4/9,特やくそう,100,,
2026/4/9,超やくそう,2000,,
2026/4/9,どくけしそう,10,,
2026/4/9,上どくけしそう,1,,
2026/4/9,特どくけしそう,30,,
2026/4/9,まんげつそう,30,,
2026/4/9,きつけそう,800,,
2026/4/9,つきのめぐみ,4600,,
2026/4/9,天使のすず,1000,,
2026/4/9,トラマナミスト,200,,
2026/4/9,せかいじゅのしずく,1000,,
2026/4/9,まほうの小ビン,50,,
2026/4/9,まほうのせいすい,500,,
2026/4/9,けんじゃのせいすい,650,,
2026/4/9,ようせいの霊薬,700,,
2026/4/9,せいれいの霊薬,1300,,
2026/4/9,エルフの飲み薬,7600,,
2026/4/9,ドルセリン,500,,
2026/4/9,おたからさがしのすず,20,,
2026/4/9,どくがのこな,20,,
2026/4/9,まだらくも糸,50,,
2026/4/9,ゆめみの花,50,,
2026/4/9,めざめの花,50,,
2026/4/9,カムシカせんべえ,980,,
2026/4/9,王都の桜もち,980,,
2026/4/9,ガタラのブタまん,980,,
2026/4/9,銘菓　砂漠の月,980,,
2026/4/9,アクロバットケーキ,980,,
2026/4/9,メギス鶏のからあげ,980,,
2026/4/9,とこなつココナッツ,980,,
2026/4/9,女王様サブレ,980,,
2026/4/9,げんこつアメ,980,,
2026/4/9,オーガニックサラダ,980,,
2026/4/9,コロシアムバーガー,980,,
2026/4/9,グランドタイタス丼,980,,
2026/4/9,経験値の秘薬・小,40000,,
2026/4/9,やりなお草,1000,,
2026/4/9,とりなお草,3000,,
2026/4/9,レンタル衣装無料券,1000,,
2026/4/9,スペシャルそうび券,2000,,
2026/4/9,スペシャル家具庭具券,300,,
2026/4/9,dqⅧ主人公券,17000,,
2026/4/9,プスゴンきぐるみ券,900,,
2026/4/9,ゴールドマン衣装券,300,,
2026/4/9,ナスビナーラ衣装券,3500,,
2026/4/9,ドルワーム研究服券,17171,,
2026/4/9,サマーウルフ衣装券,333,,
2026/4/9,マイタウン権利証・封書,142500000,,
2026/4/9,美容院無料券,2000,,
2026/4/9,ドレスアップ無料券,1770,,
2026/4/9,ボスコイン無料券,47000,,
2026/4/9,おたから花,260,,
2026/4/9,銀のおたから花,5000,,
2026/4/9,金のおたから花,24500,,
2026/4/9,超おたから花サファイア,380,,
2026/4/9,超おたから花ルビー,4000,,
2026/4/9,超おたから花ダイヤ,12600,,
2026/4/9,ラウルのゴーグルケース,2500000,,
2026/4/9,お祝いクラッカー,5700,,
2026/4/9,色見本・アイビー,117900,,
2026/4/9,色見本・きみどり,110000,,
2026/4/9,色見本・ライトイエロ,109800,,
2026/4/9,色見本・やまぶき,110000,,
2026/4/9,色見本・トマト,109800,,
2026/4/9,色見本・ホットピンク,115000,,
2026/4/9,色見本・みずいろ,110000,,
2026/4/9,色見本・ゼニスブルー,116000,,
2026/4/9,色見本・グレープ,112700,,
2026/4/9,色見本・フォグブルー,105000,,
2026/4/9,女神のガーベラ,640000,,
2026/4/9,妖精のスイートピー,222222,,
2026/4/9,マヒャドかき氷,100,,
2026/4/9,竜の書・白,625000,,
2026/4/9,竜の書・黒,629000,,
2026/4/9,天使のスズラン,5670,,
2026/4/9,麻の糸,60,,
2026/4/9,コットン草,120,,
2026/4/9,シルク草,240,,
2026/4/9,かがやきそう,360,,
2026/4/9,妖精の綿花,800,,
2026/4/9,天竜草,4400,,
2026/4/9,うつろい草,7100,,
2026/4/9,マゴニア草,6100,,
2026/4/9,星光の糸,9000,,
2026/4/9,ナイトメアリーフ,13000,,
2026/4/9,光彩の布,7400,,
2026/4/9,ささやく枯れ葉,4900,,
2026/4/9,みかわしそう,310,,
2026/4/9,あやかしそう,290,,
2026/4/9,さとりそう,270,,
2026/4/9,花のみつ,180,,
2026/4/9,さえずりのみつ,210,,
2026/4/9,スライムおしゃれ花,200,,
2026/4/9,しおかぜ草,230,,
2026/4/9,サンドフルーツ,1100,,
2026/4/9,やわらかい枝,60,,
2026/4/9,じょうぶな枝,120,,
2026/4/9,しなやかな枝,240,,
2026/4/9,きれいな枝,360,,
2026/4/9,まほうの樹木,830,,
2026/4/9,巨竜樹の枝,4400,,
2026/4/9,魔紅樹の板,250,,
2026/4/9,天の香木,500,,
2026/4/9,ガーデスの枝,4200,,
2026/4/9,水の樹木,370,,
2026/4/9,暗黒の樹木,390,,
2026/4/9,氷の樹木,340,,
2026/4/9,炎の樹木,320,,
2026/4/9,ホワイトウッド,310,,
2026/4/9,サバンナウッド,280,,
2026/4/9,レッドベリー,120,,
2026/4/9,カオスベリー,15200,,
2026/4/9,カチコチくるみ,220,,
2026/4/9,緑のコケ,140,,
2026/4/9,たそがれゴケ,5000,,
2026/4/9,うるわしキノコ,160,,
2026/4/9,げんこつダケ,260,,
2026/4/9,ビッグサボテン,5500,,
2026/4/9,さくらの花びら,160,,
2026/4/9,ヤシの実,270,,
2026/4/9,ふしぎな海草,160,,
2026/4/9,まんまるポテト,640,,
2026/4/9,ジャンボ玉ネギ,640,,
2026/4/9,しゃっきりレタス,640,,
2026/4/9,ふわふわ小麦,640,,
2026/4/9,ライスフラワー,640,,
2026/4/9,びっくりトマト,5900,,
2026/4/9,レンダーシード,3100,,
2026/4/9,プクランサフラン,6700,,
2026/4/9,エルトナスイセン,6000,,
2026/4/9,ようせいのひだね,1000,,
2026/4/9,超ようせいのひだね,104430,,
2026/4/9,ようせいの粉,100,,
2026/4/9,まんねん雪,170,,
2026/4/9,氷のけっしょう,240,,
2026/4/9,どくどくヘドロ,240,,
2026/4/9,ネコずな,210,,
2026/4/9,ふしぎなドロドロ,160,,
2026/4/9,まりょくの土,160,,
2026/4/9,みがきずな,180,,
2026/4/9,彼岸の砂,15800,,
2026/4/9,人魚の涙,16000,,
2026/4/9,悲願の血涙,7500,,
2026/4/9,神秘の鋼線,8500,,
2026/4/9,あまつゆのいと,1000,,
2026/4/9,超あまつゆのいと,117600,,
2026/4/9,宵闇のジェル,6700,,
2026/4/9,とこしえの虹,14000,,
2026/4/9,かがやきの樹液,1000,,
2026/4/9,超かがやきの樹液,152000,,
2026/4/9,汗と涙の結晶,3298,,
2026/4/9,純白の結晶,10100,,
2026/4/9,こんじきの雲,10300,,
2026/4/9,呪力のモト,5500,,
2026/4/9,竜の涙,6000,,
2026/4/9,トガリアのしずく,10000,,
2026/4/9,スーパーホネホネ,6600,,
2026/4/9,なないろのまゆ,320,,
2026/4/9,小さな貝がら,130,,
2026/4/9,大きな貝がら,1500,,
2026/4/9,赤いサンゴ,250,,
2026/4/9,きよめの水,100,,
2026/4/9,サバンナの水,140,,
2026/4/9,さざなみのしずく,300,,
2026/4/9,とげウニ,490,,
2026/4/9,うしのふん,170,,
2026/4/9,うまのふん,90,,
2026/4/9,いかずちのたま,1350,,
2026/4/9,よるのとばり,720,,
2026/4/9,天使のソーマ,1000,,
2026/4/9,ほしのカケラ,270,,
2026/4/9,ぶどうエキス,680,,
2026/4/9,せいじゃのはい,1300,,
2026/4/9,にじいろの布きれ,5000,,
2026/4/9,やわらかい肉,320,,
2026/4/9,しもふりミート,6500,,
2026/4/9,しんせんたまご,180,,
2026/4/9,おいしいミルク,240,,
2026/4/9,魚の切り身,320,,
2026/4/9,おおとろの切り身,540,,
2026/4/9,ごくじょうソルト,800,,
2026/4/9,こくうまソース,500,,
2026/4/9,ピリからペッパー,300,,
2026/4/9,デリシャスオイル,300,,
2026/4/9,シャークスキン,958,,
2026/4/9,ウェナールシェル,2900,,
2026/4/9,ドワチャカオイル,3600,,
2026/4/9,星々のナミダ,120,,
2026/4/9,黄金の飾り片手剣,19300,,
2026/4/9,黄金の飾り両手剣,11000,,
2026/4/9,黄金の飾り短剣,23999,,
2026/4/9,黄金の飾りヤリ,20000,,
2026/4/9,黄金の飾りオノ,24800,,
2026/4/9,黄金の飾りハンマー,22000,,
2026/4/9,黄金の飾りツメ,15000,,
2026/4/9,黄金の飾りブーメラン,17000,,
2026/4/9,黄金の飾りムチ,9000,,
2026/4/9,黄金の飾りスティック,9600,,
2026/4/9,黄金の飾り両手杖,25000,,
2026/4/9,黄金の飾り棍,21000,,
2026/4/9,黄金の飾り扇,22000,,
2026/4/9,黄金の飾り弓,21000,,
2026/4/9,黄金の飾り盾,22000,,
2026/4/9,黄金の飾りかぶと,18900,,
2026/4/9,黄金の飾りよろい上,18000,,
2026/4/9,黄金の飾りよろい下,19000,,
2026/4/9,黄金の飾りこて,18000,,
2026/4/9,黄金の飾りくつ,21000,,
2026/4/9,竜牙石,2900,,
2026/4/9,破魔石,1555,,
2026/4/9,輝晶核,1320000,,
2026/4/9,輝晶の砕片,15999,,
2026/4/9,閃輝晶核,417000,,
2026/4/9,閃輝晶の砕片,6298,,
2026/4/9,魔因細胞,101800,,
2026/4/9,魔因細胞のかけら,5090,,
2026/4/9,閃魔細胞,24000,,
2026/4/9,閃魔細胞のかけら,1150,,
2026/4/9,てつのクギ,100,,
2026/4/9,はがねの尾羽,1990,,
2026/4/9,するどいキバ,120,,
2026/4/9,するどい爪,110,,
2026/4/9,地竜のツメ,2900,,
2026/4/9,小さなホネ,130,,
2026/4/9,大きなホネ,880,,
2026/4/9,まじゅうのホネ,690,,
2026/4/9,ドラゴンのホネ,400,,
2026/4/9,幻獣のホネ,5500,,
2026/4/9,まじゅうのツノ,2000,,
2026/4/9,ドラゴンのツノ,10000,,
2026/4/9,小さなこうら,250,,
2026/4/9,大きなこうら,1850,,
2026/4/9,けものの皮,120,,
2026/4/9,ふさふさの毛皮,160,,
2026/4/9,まじゅうの皮,2380,,
2026/4/9,ドラゴンの皮,9000,,
2026/4/9,幻獣の皮,8500,,
2026/4/9,小さなうろこ,230,,
2026/4/9,大きなうろこ,250,,
2026/4/9,水竜のうろこ,7100,,
2026/4/9,ちょうのはね,200,,
2026/4/9,こうもりのはね,240,,
2026/4/9,かぜきりのはね,6900,,
2026/4/9,やわらかウール,1900,,
2026/4/9,ガマのあぶら,280,,
2026/4/9,へびのぬけがら,1400,,
2026/4/9,よごれたほうたい,120,,
2026/4/9,スライムゼリー,350,,
2026/4/9,大地の羽毛,1700,,
2026/4/9,風竜の羽毛,2100,,
2026/4/9,激震のキバ,15353,,
2026/4/9,火竜のキバ,15800,,
2026/4/10,どうのこうせき,60,,
2026/4/10,てっこうせき,120,,
2026/4/10,ぎんのこうせき,240,,
2026/4/10,プラチナこうせき,360,,
2026/4/10,マデュライト,600,,
2026/4/10,ナドラダイト鉱石,7400,,
2026/4/10,アステライト鉱石,4500,,
2026/4/10,デモニウム鉱石,10400,,
2026/4/10,フォレース鉱石,9000,,
2026/4/10,烈風石,12500,,
2026/4/10,ゼーラズマ鉱石,11000,,
2026/4/10,炎魔の焼け石,9480,,
2026/4/10,暗夜の魔石,14390,,
2026/4/10,ヘビーメタル,2200,,
2026/4/10,せいれいせき,8500,,
2026/4/10,げんませき,5200,,
2026/4/10,小さな化石,150,,
2026/4/10,大きな化石,1300,,
2026/4/10,かがみ石,90,,
2026/4/10,ひかりの石,310,,
2026/4/10,つけもの石,110,,
2026/4/10,ホカホカストーン,220,,
2026/4/10,ようがんのカケラ,200,,
2026/4/10,古代樹の化石,7500,,
2026/4/10,おうごんのかけら,300,,
2026/4/10,ゴールドストーン,1000,,
2026/4/10,きんかい,3000,,
2026/4/10,メタルのカケラ,7600,,
2026/4/10,ピンクパール,200,,
2026/4/10,ブラックパール,200,,
2026/4/10,ホワイトパール,200,,
2026/4/10,赤い宝石,1200,,
2026/4/10,青い宝石,1200,,
2026/4/10,黄色の宝石,1200,,
2026/4/10,緑の宝石,1200,,
2026/4/10,レッドアイ,250,,
2026/4/10,ブルーアイ,250,,
2026/4/10,イエローアイ,250,,
2026/4/10,グリーンアイ,255,,
2026/4/10,パープルアイ,250,,
2026/4/10,ときのすいしょう,6000,,
2026/4/10,おぼろ水晶,9000,,
2026/4/10,レッドオーブ,3250,,
2026/4/10,ブルーオーブ,3200,,
2026/4/10,イエローオーブ,4300,,
2026/4/10,グリーンオーブ,5400,,
2026/4/10,パープルオーブ,2890,,
2026/4/10,虹色のオーブ,12389,,
2026/4/10,オグリドホーン,8000,,
2026/4/10,やくそう,8,,
2026/4/10,上やくそう,200,,
2026/4/10,アモールの水,60,,
2026/4/10,いやしそう,70,,
2026/4/10,特やくそう,100,,
2026/4/10,超やくそう,2000,,
2026/4/10,どくけしそう,10,,
2026/4/10,上どくけしそう,1,,
2026/4/10,特どくけしそう,30,,
2026/4/10,まんげつそう,30,,
2026/4/10,きつけそう,800,,
2026/4/10,つきのめぐみ,4500,,
2026/4/10,天使のすず,1000,,
2026/4/10,トラマナミスト,200,,
2026/4/10,せかいじゅのしずく,1000,,
2026/4/10,まほうの小ビン,50,,
2026/4/10,まほうのせいすい,500,,
2026/4/10,けんじゃのせいすい,650,,
2026/4/10,ようせいの霊薬,700,,
2026/4/10,せいれいの霊薬,1300,,
2026/4/10,エルフの飲み薬,7300,,
2026/4/10,ドルセリン,500,,
2026/4/10,おたからさがしのすず,20,,
2026/4/10,どくがのこな,20,,
2026/4/10,まだらくも糸,50,,
2026/4/10,ゆめみの花,50,,
2026/4/10,めざめの花,50,,
2026/4/10,カムシカせんべえ,980,,
2026/4/10,王都の桜もち,980,,
2026/4/10,ガタラのブタまん,980,,
2026/4/10,銘菓　砂漠の月,980,,
2026/4/10,アクロバットケーキ,980,,
2026/4/10,メギス鶏のからあげ,980,,
2026/4/10,とこなつココナッツ,980,,
2026/4/10,女王様サブレ,980,,
2026/4/10,げんこつアメ,980,,
2026/4/10,オーガニックサラダ,980,,
2026/4/10,コロシアムバーガー,980,,
2026/4/10,グランドタイタス丼,980,,
2026/4/10,経験値の秘薬・小,40000,,
2026/4/10,やりなお草,1000,,
2026/4/10,とりなお草,3000,,
2026/4/10,レンタル衣装無料券,1000,,
2026/4/10,スペシャルそうび券,2000,,
2026/4/10,スペシャル家具庭具券,300,,
2026/4/10,dqⅧ主人公券,17000,,
2026/4/10,プスゴンきぐるみ券,900,,
2026/4/10,ゴールドマン衣装券,300,,
2026/4/10,ナスビナーラ衣装券,3500,,
2026/4/10,ドルワーム研究服券,17171,,
2026/4/10,サマーウルフ衣装券,333,,
2026/4/10,マイタウン権利証・封書,142500000,,
2026/4/10,美容院無料券,2000,,
2026/4/10,ドレスアップ無料券,1770,,
2026/4/10,ボスコイン無料券,48790,,
2026/4/10,おたから花,260,,
2026/4/10,銀のおたから花,5000,,
2026/4/10,金のおたから花,24500,,
2026/4/10,超おたから花サファイア,360,,
2026/4/10,超おたから花ルビー,4200,,
2026/4/10,超おたから花ダイヤ,12590,,
2026/4/10,ラウルのゴーグルケース,2500000,,
2026/4/10,お祝いクラッカー,5700,,
2026/4/10,色見本・アイビー,117900,,
2026/4/10,色見本・きみどり,110000,,
2026/4/10,色見本・ライトイエロ,109800,,
2026/4/10,色見本・やまぶき,110000,,
2026/4/10,色見本・トマト,109800,,
2026/4/10,色見本・ホットピンク,115000,,
2026/4/10,色見本・みずいろ,110000,,
2026/4/10,色見本・ゼニスブルー,116000,,
2026/4/10,色見本・グレープ,112700,,
2026/4/10,色見本・フォグブルー,105000,,
2026/4/10,女神のガーベラ,640000,,
2026/4/10,妖精のスイートピー,222222,,
2026/4/10,マヒャドかき氷,100,,
2026/4/10,竜の書・白,620000,,
2026/4/10,竜の書・黒,610000,,
2026/4/10,天使のスズラン,5670,,
2026/4/10,麻の糸,60,,
2026/4/10,コットン草,120,,
2026/4/10,シルク草,240,,
2026/4/10,かがやきそう,360,,
2026/4/10,妖精の綿花,1100,,
2026/4/10,天竜草,4500,,
2026/4/10,うつろい草,8100,,
2026/4/10,マゴニア草,5890,,
2026/4/10,星光の糸,8900,,
2026/4/10,ナイトメアリーフ,11000,,
2026/4/10,光彩の布,8000,,
2026/4/10,ささやく枯れ葉,4200,,
2026/4/10,みかわしそう,310,,
2026/4/10,あやかしそう,290,,
2026/4/10,さとりそう,270,,
2026/4/10,花のみつ,180,,
2026/4/10,さえずりのみつ,210,,
2026/4/10,スライムおしゃれ花,770,,
2026/4/10,しおかぜ草,230,,
2026/4/10,サンドフルーツ,1180,,
2026/4/10,やわらかい枝,60,,
2026/4/10,じょうぶな枝,120,,
2026/4/10,しなやかな枝,240,,
2026/4/10,きれいな枝,360,,
2026/4/10,まほうの樹木,1000,,
2026/4/10,巨竜樹の枝,4999,,
2026/4/10,魔紅樹の板,800,,
2026/4/10,天の香木,510,,
2026/4/10,ガーデスの枝,3500,,
2026/4/10,水の樹木,370,,
2026/4/10,暗黒の樹木,390,,
2026/4/10,氷の樹木,340,,
2026/4/10,炎の樹木,320,,
2026/4/10,ホワイトウッド,310,,
2026/4/10,サバンナウッド,280,,
2026/4/10,レッドベリー,120,,
2026/4/10,カオスベリー,15500,,
2026/4/10,カチコチくるみ,220,,
2026/4/10,緑のコケ,140,,
2026/4/10,たそがれゴケ,4800,,
2026/4/10,うるわしキノコ,160,,
2026/4/10,げんこつダケ,260,,
2026/4/10,ビッグサボテン,5350,,
2026/4/10,さくらの花びら,160,,
2026/4/10,ヤシの実,270,,
2026/4/10,ふしぎな海草,160,,
2026/4/10,まんまるポテト,640,,
2026/4/10,ジャンボ玉ネギ,640,,
2026/4/10,しゃっきりレタス,640,,
2026/4/10,ふわふわ小麦,640,,
2026/4/10,ライスフラワー,640,,
2026/4/10,びっくりトマト,5600,,
2026/4/10,レンダーシード,3500,,
2026/4/10,プクランサフラン,7100,,
2026/4/10,エルトナスイセン,6800,,
2026/4/10,びっくりトマトのタネ,82000,,
2026/4/10,ようせいのひだね,1000,,
2026/4/10,超ようせいのひだね,101000,,
2026/4/10,ようせいの粉,100,,
2026/4/10,まんねん雪,170,,
2026/4/10,氷のけっしょう,240,,
2026/4/10,どくどくヘドロ,240,,
2026/4/10,ネコずな,210,,
2026/4/10,ふしぎなドロドロ,160,,
2026/4/10,まりょくの土,160,,
2026/4/10,みがきずな,180,,
2026/4/10,彼岸の砂,17200,,
2026/4/10,人魚の涙,17390,,
2026/4/10,悲願の血涙,8999,,
2026/4/10,神秘の鋼線,9000,,
2026/4/10,あまつゆのいと,1000,,
2026/4/10,超あまつゆのいと,130000,,
2026/4/10,宵闇のジェル,6000,,
2026/4/10,とこしえの虹,15000,,
2026/4/10,かがやきの樹液,1000,,
2026/4/10,超かがやきの樹液,152000,,
2026/4/10,汗と涙の結晶,3322,,
2026/4/10,純白の結晶,9778,,
2026/4/10,こんじきの雲,12800,,
2026/4/10,呪力のモト,4500,,
2026/4/10,竜の涙,9450,,
2026/4/10,トガリアのしずく,10000,,
2026/4/10,スーパーホネホネ,6500,,
2026/4/10,なないろのまゆ,320,,
2026/4/10,小さな貝がら,130,,
2026/4/10,大きな貝がら,1555,,
2026/4/10,赤いサンゴ,250,,
2026/4/10,きよめの水,100,,
2026/4/10,サバンナの水,140,,
2026/4/10,さざなみのしずく,300,,
2026/4/10,とげウニ,500,,
2026/4/10,うしのふん,190,,
2026/4/10,うまのふん,100,,
2026/4/10,いかずちのたま,1350,,
2026/4/10,よるのとばり,720,,
2026/4/10,天使のソーマ,933,,
2026/4/10,ほしのカケラ,270,,
2026/4/10,ぶどうエキス,680,,
2026/4/10,せいじゃのはい,1300,,
2026/4/10,にじいろの布きれ,3899,,
2026/4/10,やわらかい肉,320,,
2026/4/10,しもふりミート,6500,,
2026/4/10,しんせんたまご,180,,
2026/4/10,おいしいミルク,240,,
2026/4/10,魚の切り身,320,,
2026/4/10,おおとろの切り身,600,,
2026/4/10,ごくじょうソルト,990,,
2026/4/10,こくうまソース,890,,
2026/4/10,ピリからペッパー,280,,
2026/4/10,デリシャスオイル,300,,
2026/4/10,シャークスキン,899,,
2026/4/10,ウェナールシェル,2800,,
2026/4/10,ドワチャカオイル,4700,,
2026/4/10,星々のナミダ,120,,
2026/4/10,黄金の飾り片手剣,19900,,
2026/4/10,黄金の飾り両手剣,11500,,
2026/4/10,黄金の飾り短剣,25000,,
2026/4/10,黄金の飾りヤリ,21000,,
2026/4/10,黄金の飾りオノ,23499,,
2026/4/10,黄金の飾りハンマー,20000,,
2026/4/10,黄金の飾りツメ,15000,,
2026/4/10,黄金の飾りブーメラン,18000,,
2026/4/10,黄金の飾りムチ,9000,,
2026/4/10,黄金の飾りスティック,9550,,
2026/4/10,黄金の飾り両手杖,18000,,
2026/4/10,黄金の飾り棍,19000,,
2026/4/10,黄金の飾り扇,23900,,
2026/4/10,黄金の飾り弓,19900,,
2026/4/10,黄金の飾り盾,18800,,
2026/4/10,黄金の飾りかぶと,18790,,
2026/4/10,黄金の飾りよろい上,19600,,
2026/4/10,黄金の飾りよろい下,19900,,
2026/4/10,黄金の飾りこて,19900,,
2026/4/10,黄金の飾りくつ,19700,,
2026/4/10,竜牙石,3500,,
2026/4/10,破魔石,1400,,
2026/4/10,輝晶核,1318999,,
2026/4/10,輝晶の砕片,15998,,
2026/4/10,閃輝晶核,407000,,
2026/4/10,閃輝晶の砕片,6200,,
2026/4/10,魔因細胞,100300,,
2026/4/10,魔因細胞のかけら,4900,,
2026/4/10,閃魔細胞,21990,,
2026/4/10,閃魔細胞のかけら,1200,,
2026/4/10,てつのクギ,100,,
2026/4/10,はがねの尾羽,2400,,
2026/4/10,するどいキバ,120,,
2026/4/10,するどい爪,110,,
2026/4/10,地竜のツメ,2500,,
2026/4/10,小さなホネ,130,,
2026/4/10,大きなホネ,1100,,
2026/4/10,まじゅうのホネ,650,,
2026/4/10,ドラゴンのホネ,480,,
2026/4/10,幻獣のホネ,6000,,
2026/4/10,まじゅうのツノ,2800,,
2026/4/10,ドラゴンのツノ,11000,,
2026/4/10,小さなこうら,250,,
2026/4/10,大きなこうら,1750,,
2026/4/10,けものの皮,120,,
2026/4/10,ふさふさの毛皮,160,,
2026/4/10,まじゅうの皮,2850,,
2026/4/10,ドラゴンの皮,8000,,
2026/4/10,幻獣の皮,8750,,
2026/4/10,小さなうろこ,230,,
2026/4/10,大きなうろこ,210,,
2026/4/10,水竜のうろこ,7300,,
2026/4/10,ちょうのはね,200,,
2026/4/10,こうもりのはね,240,,
2026/4/10,かぜきりのはね,8700,,
2026/4/10,やわらかウール,1900,,
2026/4/10,ガマのあぶら,280,,
2026/4/10,へびのぬけがら,1600,,
2026/4/10,よごれたほうたい,100,,
2026/4/10,スライムゼリー,350,,
2026/4/10,大地の羽毛,3700,,
2026/4/10,風竜の羽毛,2200,,
2026/4/10,激震のキバ,16000,,
2026/4/10,火竜のキバ,16500,,
