monster_id,monster_name,monster_type
1,スライム,field
2,スライムベス,field
3,いたずらもぐら,field
4,ビッグハット,field
5,ナスビナーラ,field
6,おむつっこり,field
7,モーモン,field
8,いっかくウサギ,field
9,ファーラット,field
10,さそりばち,field
11,ドラキー,field
12,メラゴースト,field
13,しましまキャット,field
14,クックルー,field
15,おおきづち,field
16,プチアーノン,field
17,ねこまどう,field
18,オニオーン,field
19,ゴースト,field
20,スライムつむり,field
21,キラースコップ,field
22,みならいあくま,field
23,バブルスライム,field
24,メラリザード,field
25,タホドラキー,field
26,おばけキャンドル,field
27,ホイップゴースト,field
28,メーダ,field
29,メタッピー,field
30,ボーンバット,field
31,ホイミスライム,field
32,どくイモムシ,field
33,ブラウニー,field
34,おにこぞう,field
35,リリパット,field
36,つちわらし,field
37,ぬすっとウサギ,field
38,フェアリードラゴン,field
39,キャタピラー,field
40,もみじこぞう,field
41,どくろあらい,field
42,さまようたましい,field
43,シールドこぞう,field
44,メタルスライム,field
45,ゴールデントーテム,field
46,おおくちばし,field
47,ギズモ,field
48,アルミラージ,field
49,ピッキー,field
50,どんぐりベビー,field
51,はぐれメタル,field
52,メイジドラキー,field
53,しびれだんびら,field
54,びっくりサタン,field
55,ふくまねき,field
56,ふゆうじゅ,field
57,チャームバット,field
58,どくやずきん,field
59,しびれくらげ,field
60,メタルブラザーズ,field
61,マドハンド,field
62,ポイズントリル,field
63,おばけヒトデ,field
64,メタルキング,field
65,ゴールデンパペット,field
66,たけやりへい,field
67,しのどれい,field
68,ゆめにゅうどう,field
69,くみひもこぞう,field
70,グレムリン,field
71,ぐんたいガニ,field
72,あばれこまいぬ,field
73,ハンターフライ,field
74,ポイズンリザード,field
75,スカルガルー,field
76,トンブレロ,field
77,ガチャコッコ,field
78,ゴールデンボックス,field
79,デビルスノー,field
80,スノーモン,field
81,カメレオンマン,field
82,ゴールデンスライム,field
83,モコモコじゅう,field
84,ジャガーメイジ,field
85,ともしびこぞう,field
86,スライムナイト,field
87,スライムタワー,field
88,キメラ,field
89,アイアンクック,field
90,タップデビル,field
91,ピンクモーモン,field
92,バブリン,field
93,あおだけ童子,field
94,キャットバット,field
95,メーダロード,field
96,ランドンクイナ,field
97,わらいぶくろ,field
98,アローインプ,field
99,だいおうキッズ,field
100,サイおとこ,field
101,ばくだん岩,field
102,マジカルハット,field
103,さんぞくウルフ,field
104,シードッグ,field
105,プテラノドン,field
106,マッドフィンガー,field
107,メランザーナ,field
108,ピクシー,field
109,バアラック,field
110,プリズニャン,field
111,ベビーマジシャン,field
112,デスマエストロ,field
113,イエローシックル,field
114,あくま神官,field
115,フレイム,field
116,タップペンギー,field
117,べホイミスライム,field
118,ベビーニュート,field
119,プヨンターゲット,field
120,ベロベロ,field
121,ケダモン,field
122,ベンガルクーン,field
123,マジックフライ,field
124,とうろうへい,field
125,キャットフライ,field
126,イエティ,field
127,デザートランナー,field
128,スマイルロック,field
129,メイジキメラ,field
130,ウッディアイ,field
131,おどるほうせき,field
132,くさった死体,field
133,コトブキーノ,field
134,ベロニャーゴ,field
135,ブルベリーノ,field
136,アロエおに,field
137,ビッグフェイス,field
138,じんめんじゅ,field
139,ケセランパセラン,field
140,モコフル,field
141,リザードマン,field
142,ドラキーマ,field
143,メトロゴースト,field
144,ぼうれい剣士,field
145,オーク,field
146,たまねぎマン,field
147,ほねコウモリ,field
148,ひとつめピエロ,field
149,あらくれチャッピー,field
150,ポムポムボム,field
151,セキバーン,field
152,からくりだいみょう,field
153,がいこつ,field
154,マリンスライム,field
155,タコメット,field
156,じごくのハサミ,field
157,サマーウルフ,field
158,ホタテワラビー,field
159,おばけトマト,field
160,どくどくゾンビ,field
161,ソードファントム,field
162,たてまじん,field
163,メーダクイン,field
164,グリーンシザー,field
165,デッドペッカー,field
166,まだらイチョウ,field
167,マージスター,field
168,マザーウッド,field
169,てまねきリング,field
170,マポレーナ,field
171,フロストギズモ,field
172,インキュバス,field
173,きりさきピエロ,field
174,ベホイムスライム,field
175,キングスライム,field
176,エビルホーク,field
177,じごくのたまねぎ,field
178,ブラッドソード,field
179,ホースデビル,field
180,よろいのきし,field
181,キラーファング,field
182,ふくめんバニー,field
183,デスパロット,field
184,どれいへいし,field
185,スモールグール,field
186,バサラーナ,field
187,スマイルリザード,field
188,エビルチクリン,field
189,ボーンナイト,field
190,ドロヌーバ,field
191,ネイルビースト,field
192,イーブルフライ,field
193,バイキングソウル,field
194,ジェリーマン,field
195,レッドプリン,field
196,えんまのつかい,field
197,デザートゴースト,field
198,りゅうき兵,field
199,ダッシュラン,field
200,キラービー,field
201,クリスタルハンド,field
202,ウィッチネイル,field
203,ビッグスロース,field
204,ドラゴンキッズ,field
205,ゴーレム,field
206,パペットロープ,field
207,ボーンプリスナー,field
208,岩とびあくま,field
209,メタルライダー,field
210,げんじかぶと,field
211,サイレス,field
212,きりかぶこぞう,field
213,キラートーチ,field
214,しりょうのきし,field
215,コープスフライ,field
216,キラークラブ,field
217,きせいじゅ,field
218,メタルハンター,field
219,グリゴンダンス,field
220,わかめ王子,field
221,サブナック,field
222,アカイライ,field
223,ひとくいサーベル,field
224,ゴールドオーク,field
225,ライノソルジャー,field
226,アサシンエミュー,field
227,メガザルロック,field
228,フォンデュ,field
229,ヒートギズモ,field
230,ブリザード,field
231,ヘルコンダクター,field
232,チャンプスター,field
233,ホークマン,field
234,ベビル,field
235,サンダーフロッグ,field
236,ベホマスライム,field
237,サタンメイル,field
238,ブラッドハンド,field
239,つかいま,field
240,ゲリュオン,field
241,ベビーサラマンダ,field
242,スターキメラ,field
243,ニードルマン,field
244,ましょうぐも,field
245,スクラッチャー,field
246,つららスライム,field
247,アカリリス,field
248,どろにんぎょう,field
249,ダークナイト,field
250,リュウイーソー,field
251,うみぼうず,field
252,アサシンクロー,field
253,かえんムカデ,field
254,ヘルゴースト,field
255,ワイトキング,field
256,あやしいかげ,field
257,ごろつき,field
258,こうていタップ,field
259,マッシュスライム,field
260,ダーティラビッツ,field
261,かっちゅうアリ,field
262,ヘルボックル,field
263,うごくせきぞう,field
264,かげのきし,field
265,マッドルーパー,field
266,バルバロッサ,field
267,マグマロン,field
268,シールドオーガ,field
269,ドッグラマッコイ,field
270,ダークペルシャ,field
271,アームライオン,field
272,アイスボンバー,field
273,グール,field
274,ベビーサタン,field
275,ダークポックル,field
276,ナイトメーア,field
277,コスモグール,field
278,ナイトキャット,field
279,アイスコンドル,field
280,ひくいどり,field
281,さまようよろい,field
282,シルバーマント,field
283,ガニラス,field
284,フレイムドック,field
285,オークキング,field
286,ウドラー,field
287,ガルバ,field
288,ゴルバ,field
289,あくまのきし,field
290,コスモスライム,field
291,ライノスキング,field
292,ナウマンボーグ,field
293,フライングデス,field
294,ガーゴイル,field
295,てっこうまじん,field
296,からくりしょうぐん,field
297,ボーンファイター,field
298,タッピツ仙人,field
299,ブラックマンティス,field
300,ろうごくのぬし,field
301,キラージャック,field
302,プークプック,field
303,デンタザウルス,field
304,キラーパンサー,field
305,テラノライナー,field
306,ミスターガリック,field
307,パペットマン,field
308,エンタシスマン,field
309,ルバンカ,field
310,ヘルビースト,field
311,コスモアイ,field
312,バトルレックス,field
313,ホークブリザード,field
314,やみしばり,field
315,デビルアーマー,field
316,キラーマシン,field
317,バアルゼブブ,field
318,デザートガルバ,field
319,デザートゴルバ,field
320,亡者のひとだま,field
321,シュプリンガー,field
322,ひとくいばこ,field
323,プリーストナイト,field
324,シルバーデビル,field
325,ぬかどこスライム,field
326,ウイングタイガー,field
327,太古のぬし,field
328,ホラービースト,field
329,イーグルデビル,field
330,スパイクヘッド,field
331,フラワーゾンビ,field
332,アンゴラモーア,field
333,ヘルシーサー,field
334,フォレストドラゴ,field
335,ビッグモアイ,field
336,しにがみきぞく,field
337,タタリ御前,field
338,アサシンブラッド,field
339,リビングスタチュー,field
340,デュランダル,field
341,ミイラ男,field
342,サイクロプス,field
343,シャドー,field
344,ブルーミンクス,field
345,スカルゴン,field
346,マジックアーマー,field
347,ゴードンヘッド,field
348,悪鬼丸,field
349,くものきょじん,field
350,ミニデーモン,field
351,みずたまドラゴン,field
352,れんごくちょう,field
353,なげきムーン,field
354,じごくのつかい,field
355,ブラックチャック,field
356,まいまいテイル,field
357,スノーエルダー,field
358,ソードフライヤー,field
359,じごくのよろい,field
360,キラーデーモン,field
361,ウィングデビル,field
362,こんぶ大将,field
363,ゲノミー,field
364,ケツァルコアトルス,field
365,ヒイラギどうじ,field
366,ミステリピラー,field
367,メッサーラ,field
368,ドルマージュ,field
369,アモデウス,field
370,ギガントヒルズ,field
371,せつげんりゅう,field
372,パンプキッズ,field
373,まおうのつかい,field
374,モヒカント,field
375,バッファロン,field
376,ファンキードラゴ,field
377,サンダーシャウト,field
378,グレイトライドン,field
379,ブルーイーター,field
380,スライムボーグ,field
381,ダークパンサー,field
382,レッドイーター,field
383,ギガンテス,field
384,コサックシープ,field
385,じめじめバブル,field
386,プロメテモス,field
387,くろカビこぞう,field
388,デスプリースト,field
389,グリンバングル,field
390,じごくのもんばん,field
391,ヒョウモンダーク,field
392,スライム・強,field
393,カバリアー,field
394,いたずらもぐら・強,field
395,アックスドラゴン,field
396,イエロバングル,field
397,トロル,field
398,エビルソーサラー,field
399,モーモン・強,field
400,ブランマトック,field
401,ヒポせんし,field
402,いっかくウサギ・強,field
403,ファーラット・強,field
404,ヘルジュラシック,field
405,さそりばち・強,field
406,ドラキー・強,field
407,ぶっちズキーニャ,field
408,めいふのばんにん,field
409,リビングデッド,field
410,バブルスライム・強,field
411,ねこまどう・強,field
412,シーザーレインボー,field
413,とげジョボー,field
414,ランタンこぞう,field
415,ヘルカッチャ,field
416,ゴースト・強,field
417,ベレス,field
418,ウコバック,field
419,エリミネーター,field
420,おおきづち・強,field
421,プチアーノン・強,field
422,ドルイド,field
423,レジェンドホース,field
424,エルダードラゴン,field
425,フォレスドン,field
426,いしにんぎょう,field
427,ツイストーチ,field
428,なげきの亡霊,field
429,ベルフェゴル,field
430,ジェイドフレア,field
431,ドラゴスライム,field
432,ぶちスライム,field
433,サウルスロード,field
434,スターレミング,field
435,メーダ・強,field
436,エビルトレント,field
437,ゴールドマン,field
438,ボーンバット・強,field
439,ボストロール,field
440,デスケルト,field
441,きめんどうし,field
442,やつざきアニマル,field
443,アッシュリザード,field
444,とこよアゲハ,field
445,ミミック,field
446,メタッピー・強,field
447,マミー,field
448,デビルプリンス,field
449,ほのおのせんし,field
450,エルダーフレイム,field
451,笛吹き羊男,field
452,ぬすっとウサギ・強,field
453,スカラベキング,field
454,キャタピラー・強,field
455,もみじこぞう・強,field
456,ずしおうまる,field
457,サイコマスター,field
458,おにこぞう・強,field
459,リリパット・強,field
460,メラゴースト・塔,field
461,スライムベホマズン,field
462,ももんじゃ,field
463,どくろあらい・強,field
464,ダーティードール,field
465,メギドロイド,field
466,グリゴリぼうず,field
467,バザックス,field
468,ブルファング,field
469,レッドオーガ,field
470,ピッキー・強,field
471,おおくちばし・強,field
472,ケミカルゼリー,field
473,しにがみのきし,field
474,はめつの使者,field
475,スライムブレス,field
476,ヌーデビル,field
477,ギガントドラゴン,field
478,ベノムピード,field
479,ぬくぬくどり,field
480,ダークシルフ,field
481,ブラックベジター,field
482,パンドラボックス,field
483,ダークプラネット,field
484,ダークキャンドル,field
485,しびれだんびら・強,field
486,バロンナイト,field
487,コンキスタグール,field
488,セルゲイナス,field
489,グーシオン,field
490,フラッペリン,field
491,マドハンド・強,field
492,ミステリドール,field
493,ヘルクラッシャー,field
494,ランプのまじん,field
495,シルエト,field
496,ダースギズモ,field
497,スピリットフレイム,field
498,ポイズントリル・強,field
499,くびかりぞく,field
500,おばけヒトデ・強,field
501,ジラフマスター,field
502,ダークオルニス,field
503,オーロラウンダー,field
504,やみのしょくだい,field
505,ロードコープス,field
506,しのどれい・強,field
507,ブリザードマン,field
508,シャイニング,field
509,れんごくの番兵,field
510,ディアブラダ,field
511,デスストーカー,field
512,クイーンスライム,field
513,ヒッポキング,field
514,ガネーシャエビル,field
515,ダックスビル,field
516,ガメゴン,field
517,ゲルバトロス,field
518,マーズフェイス,field
519,バジリスケイル,field
520,ぐんたいガニ・強,field
521,トリカトラプス,field
522,トンブレロ・強,field
523,ドラポヨロン,field
524,ストーンマン,field
525,ブルサベージ,field
526,インフェルノ,field
527,バーサーカー,field
528,原罪のやどりぎ,field
529,サーバルスカイ,field
530,おおさそり,field
531,テンツク,field
532,マッドファルコン,field
533,おおがらす,field
534,メタルドラゴン,field
535,シャドーサタン,field
536,ダークファンタズマ,field
537,黒ごまキッズ,field
538,スライムナイト・強,field
539,コキュードス,field
540,ドラゴンソルジャー,field
541,おばけキノコ,field
542,クラウンヘッド,field
543,キラーアーマー,field
544,はりつきあくま,field
545,まおうのかげ,field
546,ヘブンバルーン,field
547,ばくだんサーカス,field
548,キマイラロード,field
549,まかいじゅう,field
550,オークィーン,field
551,ドラゴンゾンビ,field
552,キメラ・強,field
553,まじんブドゥ,field
554,オーガキング,field
555,くびなが大師,field
556,メガトンチャンプ,field
557,サイおとこ・強,field
558,スーパーテンツク,field
559,カナリアーノ,field
560,ソードマカブル,field
561,ばくだん岩・強,field
562,ジア・メーダ,field
563,カーディナルナイト,field
564,アバランチャー,field
565,さんぞくウルフ・強,field
566,ワニバーン,field
567,プテラノドン・強,field
568,たんすミミック,field
569,スライムマデュラ,field
570,ごうけつぐま,field
571,プリズニャン・強,field
572,イエローファット,field
573,にじくじゃく,field
574,ズッキーニャ,field
575,デスマーキュリー,field
576,キラーマシン２,field
577,ジュラシックロイド,field
578,エメラルドーン,field
579,スペースデーモン,field
580,デスロマニズム,field
581,マジックデモニスム,field
582,スーパーダーキズム,field
583,ガニメデス,field
584,スピンサタン,field
585,ツイストサイダー,field
586,メイジももんじゃ,field
587,あくま神官・強,field
588,だいまじん,field
589,ヒッポカンバー,field
590,グリングリン,field
591,マジックフライ・強,field
592,ジャンガラ,field
593,ピンキーマッシュ,field
594,シルバーベア,field
595,オベルジーヌ,field
596,おどるほうせき・強,field
597,おにびドングリ,field
598,蒼炎の使徒,field
599,あらなわ明神,field
600,メカバーン,field
601,くさった死体・強,field
602,クリムゾングレイブ,field
603,フンガー,field
604,ブルジャックル,field
605,ネクロバルサ,field
606,コーラルディモス,field
607,リザードマン・強,field
608,れんごくまちょう,field
609,じんめんじゅ・強,field
610,まんじゅシャモン,field
611,シルバリヌス,field
612,岩のり童子,field
613,オーク・強,field
614,じごくのおくり火,field
615,ラストテンツク,field
616,がいこつ・強,field
617,コットンキャンディ,field
618,マリンスライム・強,field
619,プラチナサウルス,field
620,たてまじん・強,field
621,マリンスライム・塔,field
622,グリーンシザー・強,field
623,ソルジャーブル,field
624,きりさきピエロ・強,field
625,クリオネオン,field
626,デスゴーゴン,field
627,おにこんぼう,field
628,キングリザード,field
629,デスフラッター,field
630,スペースデビル,field
631,パンドラチェスト,field
632,ホースデビル・強,field
633,カラポッポ,field
634,モスボーイ,field
635,オルフェウス,field
636,マダムコーン,field
637,スライムエンペラー,field
638,ドロヌーバ・強,field
639,マタンゴ,field
640,疾風テング,field
641,ドロヌーバ・塔,field
642,ダッシュラン・強,field
643,ドラゴンキッズ・強,field
644,フレイム・塔,field
645,スラマシンＺ,field
646,サイレス・強,field
647,ジャンボドラキー,field
648,グレイトマーマン,field
649,わかめ王子・強,field
650,アンゴラー,field
651,ドラグノワール,field
652,アンクルホーン,field
653,スライム・祖,field
654,フォンデュ・強,field
655,ドラキー・祖,field
656,ベヒードス,field
657,ホークマン・強,field
658,ゴルゴンゾーラ,field
659,ファラリスブル,field
660,スライムべス・祖,field
661,ジェイドウォリアー,field
662,ニードルマン・強,field
663,トロルキング,field
664,ヘルプラネット,field
665,大王イカ,field
666,ホークマン・塔,field
667,あやしいかげ・強,field
668,大王イカ・塔,field
669,マーブルヴォルク,field
670,リザードファッツ,field
671,カイザードラゴン,field
672,ガメゴンロード,field
673,マージマタンゴ,field
674,むくろカサゴ,field
675,いしにんぎょう・強,field
676,メイデンドール,field
677,デスカイザー,field
678,あかつきの神兵,field
679,マッドルーパー・強,field
680,ガチャコッコ・祖,field
681,タホドラキー・祖,field
682,ねこまどう・祖,field
683,アームライオン・強,field
684,しにがみきぞく・強,field
685,モーモン・祖,field
686,くらやみハーピー,field
687,さまようよろい・強,field
688,エンタシスマン・強,field
689,おおきづち・祖,field
690,もみじこぞう・祖,field
691,キメラ・祖,field
692,デビルアーマー・強,field
693,ガルバ・強,field
694,ゴルバ・強,field
695,みならいあくま・祖,field
696,つららわたり,field
697,パンプキッズ・強,field
698,じんめんちょう,field
699,リリパット・祖,field
700,ミーラカンス,field
701,てっこうまじん・祖,field
702,てつのさそり,field
703,デスクローゼット,field
704,パペットマン・強,field
705,ヘルビースト・強,field
706,ドラゴンライダー,field
707,ブラウニー・祖,field
708,ブラッドレディ,field
709,ヘルカッチャ・強,field
710,ベレス・強,field
711,テンタクルス,field
712,ぐんたいガニ・祖,field
713,ズッキーニャ・祖,field
714,どくやずきん・祖,field
715,ライトアーマー,field
716,シャドーメイル,field
717,ホワイトパンサー,field
718,ブラックドラゴン,field
719,フェアリーバット,field
720,おばけキノコ・祖,field
721,メカジラフ,field
722,グレイトドラゴン,field
723,ゴーレム・強,field
724,ひとくいが,field
725,モノクロームナイト,field
726,ゆうれい,field
727,とっしんこぞう,field
728,ビッグファング,field
729,ハーベストドラゴ,field
730,デスマドモアゼル,field
731,クラーゴン,field
732,ウパソルジャー,field
733,テンツク・祖,field
734,リザードマン・祖,field
735,ゴーレム・塔,field
736,バザックス・強,field
737,リターナーモア,field
738,てんとうスカラベ,field
739,かまいたち,field
740,しびれあげは,field
741,フォレドラ・塔,field
742,グレンデル,field
743,ハデスナイト,field
744,死のさそり,field
745,タホバルキー,field
746,ブラッディ・ゼア,field
747,かいぞくウーパー,field
748,キラーアーマー・祖,field
749,飛竜・塔,field
750,コーンホワイト,field
751,シャイニング・強,field
752,プリズンイーグル,field
753,グリズリー,field
754,ダークゲージ,field
755,しにがみ,field
756,エンペラーレグホン,field
757,りゅう兵士,field
758,がいこつ・祖,field
759,くらやみ僧正,field
760,ワイトキング・祖,field
761,堕天のメイス,field
762,ダースリカント,field
763,リカント,field
764,かげのきし・祖,field
765,ジェイドマスク,field
766,デザートモデル,field
767,マタンゴ・祖,field
768,キングスライム・強,field
769,りゅうぐう王,field
770,ノーライフロード,field
771,りゅうぐう王・塔,field
772,キングリザード・強,field
773,キングスライム・祖,field
774,ジア・デーモン,field
775,キラーマシン・強,field
776,ベスキング,field
777,ギガントモンキー,field
778,まおうのつかい・強,field
779,ライオネック,field
780,ビビッドヘッド,field
781,ギガンテス・強,field
782,ひとくいばこ・祖,field
783,デュラハーン,field
784,暗黒の使い,field
785,ギガントヒルズ・強,field
786,くろがねの巨人,field
787,キラーマシン・祖,field
788,ベヒードス・塔,field
789,ミミック・強,field
790,ダークトロル,field
791,ホワイトジャッジ,field
792,だいまじん・祖,field
793,闇のキリンジ,field
794,フレアスケイル,field
795,ドラゴンゾンビ・強,field
796,ダークパラディン,field
797,プラチナミミック,field
798,キースドラゴン,field
799,デンガー,field
800,ジラフドラグーン,field
801,ヘルガーディアン,field
802,グリーンボーン,field
803,ダースドラゴン,field
804,キラーシーカー,field
805,ドリアンデッド,field
806,ドラゴン・塔,field
807,ブラッドエイプス,field
808,ダークネビュラス,field
809,キラークリムゾン,field
810,大魔獣イーギュア,field
811,輝晶獣ゾルゾム,boss
812,輝晶獣ボイボゥ,boss
813,輝晶獣ドグドラ,boss
814,閃輝晶獣ビルビギス,boss
815,閃輝晶獣ザウザリィ,boss
816,閃輝晶獣バンバジャ,boss
817,ローヤルさそりばち,field
818,ツンドラキー,field
819,大ナスビナーラ,field
820,つむりんママ,field
821,ミケまどう,field
822,キラーピッケル,field
823,マーブルン,field
824,ようがんトーチ,field
825,メタルホイミン,field
826,メタルトリュフ,field
827,キョンシーゴースト,field
828,さくらこぞう,field
829,とげこんぼう,field
830,アゲアゲラーバ,field
831,レッドアーチャー,field
832,シールドあにき,field
833,サンバ・デ・ビーク,field
834,ウールギズモ,field
835,ゴールデンコーン,field
836,聖銀のどくろあらい,field
837,ももいろ三姉妹,field
838,アメジストクラブ,field
839,ファイアボール,field
840,ハートナイト,field
841,クイーンモーモン,field
842,スウィートバッグ,field
843,クラゲぼうや,field
844,ヒクイナドン,field
845,アルケミストン,field
846,セクシーキャット,field
847,プリティフライ,field
848,のろいの岩,field
849,ピンクボンボン,field
850,マッドスミス,field
851,ユキフル,field
852,ちょうろうじゅ,field
853,ほねリーダー,field
854,メーダプリンス,field
855,ブルジョワハンド,field
856,レッドバロン,field
857,チョコヌーバ,field
858,ミノカサハギン,field
859,モテモテ,field
860,トリケラン,field
861,リトルライバーン,field
862,ジェントルダンス,field
863,ローズプリンセス,field
864,ワイヤーマン,field
865,モッツァレーラ,field
866,死のカラステング,field
867,ムーンキメラ,field
868,ニードルうさこ,field
869,バロンシルエット,field
870,アスラ王,field
871,べビンゴサタン,field
872,シュバルツシュルト,field
873,ゴールドマント,field
874,マッドレインボー,field
875,ゼブラマンティス,field
876,オリエンタシス,field
877,パラディノス,field
878,ゴーストベリー,field
879,エンゼルアーマー,field
880,アカツキショウグン,field
881,ドラゴメタル,field
882,ブロンドボーイ,field
883,ピンキーパンサー,field
884,タイプＧ,field
885,デビルロード,field
886,ゴールデンディスコ,field
887,とろろ将軍,field
888,まかいしつじ,field
889,キャプテンドラゴ,field
890,シャドーノーブル,field
891,もじゃらきラクーン,field
892,しろバラのきし,field
893,ジラフシスター,field
894,シャコウ鬼神,field
895,じごくのドアボーイ,field
896,アスタロト,field
897,デザートデーモン,field
898,とうぞくこぞう,field
899,キングエレファント,field
900,フギンムニン,field
901,パンプキャビネット,field
902,スカラベテンツク,field
903,ドラゴントイズ,field
904,あらくれパンダ,field
905,ネリもののふ,field
906,あやシイタケ,field
907,ガメゴンレジェンド,field
908,若葉の精霊,boss
909,黒き花婿,boss
910,大怨霊マアモン,boss
911,狂鬼ジーガンフ,boss
912,やみわらし,boss
913,妖剣士オーレン,boss
914,怪獣プスゴン,boss
915,水竜ギルギッシュ,boss
916,ウルベア魔神兵,boss
917,悪魔ザイガス,boss
918,キャット・リベリオ,boss
919,魔兵ヒプノス,boss
920,魔兵タナト,boss
921,魔軍師イッド,boss
922,妖魔ジュリアンテ,boss
923,呪術師マリーン,boss
924,守護者ラズバーン,boss
925,詩歌の守り手,boss
926,暴君バサグランデ,boss
927,暗黒大樹の番人,boss
928,ましょううお,boss
929,怪蟲アラグネ,boss
930,天魔クァバルナ,boss
931,アークデーモン,boss
932,ベリアル,boss
933,冥王ネルゲル,boss
934,冥獣王ネルゲル,boss
935,悪夢の右手,boss
936,魔人エンラージャ,boss
937,ムッチーノ,boss
938,破戒王ベルムド,boss
939,絶望の巨像,boss
940,魔創兵ゲゾラ,boss
941,魔創兵グリモス,boss
942,魔創兵長バスラー,boss
943,魔勇者アンルシア,boss
944,いたずらジャーミィ,boss
945,いたずらバーティ,boss
946,ハートボイルド,boss
947,邪教祖サダク,boss
948,スイーツトロル,boss
949,あなうめ兄,boss
950,あなうめ弟,boss
951,あなうめ妹,boss
952,闇の従者,boss
953,ヘルバトラー,boss
954,グレイブディガー,boss
955,獣魔将ガルレイ,boss
956,ベロリンマン,boss
957,どくどくバルーン,boss
958,なげきの魔像,boss
959,幻魔将ファズマ,boss
960,妖魔将ゲジュラ,boss
961,豪魔将ベリンダ,boss
962,豪魔将ブレンダ,boss
963,恐怖の化身,boss
964,赤飛竜,boss
965,青飛竜,boss
966,黄飛竜,boss
967,魔導鬼ベゼブー,boss
968,ワイルドフォビズム,boss
969,エビルキュビズム,boss
970,ダークレアリズム,boss
971,魔元帥ゼルドラド,boss
972,トーマ王子,boss
973,大魔王マデサゴーラ,boss
974,創造神マデサゴーラ,boss
975,白霊鬼ボータ,boss
976,青狼鬼グルバレイダ,boss
977,桜蝶鬼メイガ,boss
978,黄牛鬼タウラゼイン,boss
979,緑風鬼フー,boss
980,紫獅鬼バイロゼオ,boss
981,黒飛竜,boss
982,赤翼鬼シシン,boss
983,竜将アンテロ,boss
984,禍乱の竜アンテロ,boss
985,魔炎鳥,boss
986,ライノス・ルージュ,boss
987,紅蓮のクイーンビー,boss
988,赤熱の魔神像,boss
989,炎魔アグニース,boss
990,魔獣イーギュア,boss
991,フロスティ,boss
992,青の巨人ブルメル,boss
993,赤の巨人レドノフ,boss
994,緑の巨人グリモア,boss
995,氷魔フィルグレア,boss
996,くらやみ飛天,boss
997,魔獣サルファバル,boss
998,管理端末Ｑ４８４,boss
999,闇魔ティトス,boss
1000,神獣パチャティカ,boss
1001,深淵魚キュラス,boss
1002,邪菌ピロリアン,boss
1003,水魔ヴァーテル,boss
1004,神獣カシャル,boss
1005,森羅蛮獣,boss
1006,巨竜樹タツノギ,boss
1007,激情の竜エステラ,boss
1008,剣士ヒューザ,boss
1009,嵐魔ウェンリル,boss
1010,黒蛇鬼アクラガレナ,boss
1011,獄炎鬼アグニース,boss
1012,獄氷鬼フィルグレア,boss
1013,獄闇鬼ティトス,boss
1014,獄水鬼ヴァーテル,boss
1015,獄嵐鬼ウェンリル,boss
1016,暴竜ドマノ,boss
1017,暴竜ロマニ,boss
1018,逆乱の竜ナダイア,boss
1019,邪竜教祖オルストフ,boss
1020,虚空の神ナドラガ,boss
1021,邪竜神ナドラガ,boss
1022,スライムエネルゴン,boss
1023,異形獣,boss
1024,フローラルダンディ,boss
1025,強化異形獣・狂,boss
1026,スパーキー,boss
1027,ポーン,boss
1028,ナイト,boss
1029,キング,boss
1030,影魔レイミリア,boss
1031,ヘルゲゴーグ・烈,boss
1032,自動人形ドミネウス,boss
1033,時獄のドミネウス,boss
1034,魔人王ドミネウス,boss
1035,魔獣ネロスゴーグ,boss
1036,猛将ギーグハンマー,boss
1037,知将ジャミラス,boss
1038,邪将トロスバッコス,boss
1039,幻将ハヌマーン,boss
1040,獣将キングレオ,boss
1041,暴将黒竜丸,boss
1042,竜将ドラゴンガイア,boss
1043,楽将バトルシェイカ,boss
1044,凶将バリクナジャ,boss
1045,不死の魔王ネロドス,boss
1046,無限獣ネロスゴーグ,boss
1047,鬼人兵,boss
1048,狂鬼ドランド公,boss
1049,原獣プレゴーグ,boss
1050,悪鬼ゾンガロン,boss
1051,喪心獣ゾンテドール,boss
1052,古代ウルベア魔神兵,boss
1053,魔神兵ゼェード,boss
1054,ウルベア大魔神,boss
1055,黒衣の剣士パドレ,boss
1056,ペコリア・アルファ,boss
1057,ペコリア・オメガ,boss
1058,パルミオ２世,boss
1059,増殖獣バイロゴーグ,boss
1060,時見の箱,boss
1061,メガロダイン,boss
1062,黄金獣アルムゴーグ,boss
1063,白銀獣ロムドゴーグ,boss
1064,黄金のバディンド,boss
1065,迷える盟友,boss
1066,迷える勇者,boss
1067,狂える王子,boss
1068,怒れる魔神,boss
1069,怒れる老匠,boss
1070,堕ちた剣聖,boss
1071,悪鬼なる王,boss
1072,時獄獣キュロノス,boss
1073,時元神キュロノス,boss
1074,旅芸人ピュージュ,boss
1075,湖の魔獣ボルゲルグ,boss
1076,レイジバルス,boss
1077,キラーホイール,boss
1078,狂信者ヤイル,boss
1079,シシカバブ団長,boss
1080,呪われたシシカバブ,boss
1081,デモンズゲイト,boss
1082,魔王ユシュカ,boss
1083,闇の根源の幻影,boss
1084,魔瘴竜ジャオマンダ,boss
1085,ゾブリス将軍,boss
1086,カーボーン将軍,boss
1087,太古の魔人,boss
1088,タリスマンの守護者,boss
1089,魔瘴魂オジャロス,boss
1090,ギャノン弟,boss
1091,魔王ヴァレリア,boss
1092,魔瘴魂グウィネーロ,boss
1093,巨大魔瘴魂,boss
1094,邪神ダビヤガ,boss
1095,土の祠の守護者,boss
1096,花の祠の守護者,boss
1097,水の祠の守護者,boss
1098,風の祠の守護者,boss
1099,邪神ヤファギル戒,boss
1100,邪神ヤファギル断,boss
1101,邪神ヤファギル封,boss
1102,邪神ピュージュ,boss
1103,邪神ヴァニタトス,boss
1104,魔瘴魂ゼノドラゴン,boss
1105,激憤の魔瘴竜,boss
1106,闇の根源の呪縛,boss
1107,起源獣ガルドドン,boss
1108,起源将ジェルザーク,boss
1109,起源魔スコルパイド,boss
1110,起源鎧デルメゼ,boss
1111,大魔王ユシュカ,boss
1112,異界滅神ジャゴヌバ,boss
1113,絶対滅神ジャゴヌバ,boss
1114,暗黒の手,boss
1115,儀礼の評定者,boss
1116,厄魔ポヴァディウス,boss
1117,祭壇の狩人,boss
1118,祭壇の守人,boss
1119,暴走したコウリン,boss
1120,ハングリーハンター,boss
1121,ホーリーキング,boss
1122,汚染源へドロヌーバ,boss
1123,ラダ・ガート,boss
1124,悪神ラダ・ガート,boss
1125,悪神　三闘士,boss
1126,ハクオウ,boss
1127,災厄の王の幻影,boss
1128,熱空の支配者,boss
1129,悪神リナーシェ,boss
1130,呪炎の傀儡,boss
1131,勇者アシュレイ,boss
1132,悪神アシュレイ,boss
1133,悪神の右手,boss
1134,ジア・ルミナ,boss
1135,パワーストーンマン,boss
1136,ジア・ロダ,boss
1137,ジア・ルダ,boss
1138,ジア・レオーネ,boss
1139,ジア・ルーベ,boss
1140,ジア・サフィル,boss
1141,邪精霊マガツカゼ,boss
1142,暁天竜ランビリズマ,boss
1143,ジア・クルヴィダ,boss
1144,神授の判定者,boss
1145,念晶巨人,boss
1146,ジア・エイプ,boss
1147,ジア・ドラゴ,boss
1148,ジア・ゲイナス,boss
1149,ジア・ロック,boss
1150,いにしえの廃棄物,boss
1151,ラダ・ガートフェイク,boss
1152,ハクオウフェイク,boss
1153,アシュレイフェイク,boss
1154,レオーネフェイク,boss
1155,ユーライザフェイク,boss
1156,ジア・クトＸＸ,boss
1157,ジア・クトＸＹ,boss
1158,ジア・ネブラ,boss
1159,ジア・レド・ゲノス,boss
1160,ジア・メルド・ゲノス,boss
1161,エステラ,boss
1162,ナブレット団長,boss
1163,嘆きのロベール,boss
1164,なぞの黒騎士,boss
1165,フーラズーラ,boss
1166,アズ・フーラズーラ,boss
1167,眠りのフクロウ,boss
1168,永眠のフクロウ魔人,boss
1169,鳥籠の番人,boss
1170,ラキ,boss
1171,なぞの魔狼,boss
1172,クールホーン,boss
1173,ジア・ガルネ,boss
1174,あくむにゅうどう,boss
1175,メネトの悪夢,boss
1176,天使人形ルーミリア,boss
1177,呪われしグランゼニス,boss
1178,未知なる襲撃者,boss
1179,執行者ガンガブラ,boss
1180,怨念の邪竜,boss
1181,処刑人バルマ,boss
1182,処刑人ゲムザ,boss
1183,処刑人ドブナ,boss
1184,執行獣ガンガブラ,boss
1185,代行者ヨナ,boss
1186,バルディスタ新兵・斧,boss
1187,バルディスタ新兵・槍,boss
1188,バルディスタ新兵・弓,boss
1189,悲嘆のレイジバルス,boss
1190,執行獣ジブアジブ,boss
1191,執行獣ニニエルザ,boss
1192,創失を招くもの,boss
1193,神兵ダインヘルヤル,boss
1194,マリーヌ神のしもべ,boss
1195,あくじきオオワシ,boss
1196,キュロンイーター,boss
1197,ジア・ボーン,boss
1198,ジア・レダ,boss
1199,女神ゼネシア,boss
1200,創失を招くもの,boss
1201,創失の帝国兵,boss
1202,創失の帝国兵・上官,boss
1203,創失のフーラズーラ,boss
1204,ゼネシアの神獣,boss
1205,創失のギュメイ将軍,boss
1206,創失のゲルニック将軍,boss
1207,創失のゴレオン将軍,boss
1208,創失の主神ゼネシア,boss
1209,魔＊＊＊＊＊＊＊,boss
1210,ず＊＊＊＊＊,boss
1211,よ＊＊＊＊＊,boss
1212,執＊＊＊＊＊＊＊＊,boss
1213,創＊＊＊＊＊＊,boss
1214,創＊＊＊＊＊,boss
1215,孤独の闇,boss
1216,伐採マシン,boss
1217,ダンスデビル,boss
1218,謎の武装兵,boss
1219,悪魔道化師ゲイザー,boss
1220,悲観の闇,boss
1221,聖獣ダイキリン,boss
1222,トガスのぬし,boss
1223,怪鳥クワット,boss
1224,伐採マシン改,boss
1225,スターデビル,boss
1226,商品ナンバー７,boss
1227,ギガデーモン,boss
1228,魔盗鬼チャムール,boss
1229,商品ナンバー１２,boss
1230,古代つちわらし,boss
1231,子鬼ブリック,boss
1232,狂戦士レギオン,boss
1233,バルケス,boss
1234,羨望の闇,boss
1235,ブリギッテ,boss
1236,闘士セインズ,boss
1237,魔物商人トレダ,boss
1238,魔物商人チャーマン,boss
1239,商品ナンバー１３,boss
1240,殺意の怨霊,boss
1241,踊り神ボニータ,boss
1242,占術師マルグリット,boss
1243,黒怨王,boss
1244,最強商品,boss
1245,サードンの手下,boss
1246,ブランドンビースト,boss
1247,大地の竜バウギア,boss
1248,憎悪の精霊樹,boss
1249,災厄の尖兵,boss
1250,ラギー,boss
1251,ムギー,boss
1252,チギー,boss
1253,闇芸人ルルルリーチ,boss
1254,魔賢者アクバー,boss
1255,巨戦鬼ゴルゴンザ,boss
1256,カンダタこぶん,boss
1257,ギャスモン,boss
1258,けがれの渦,boss
1259,武闘魔ガウラド,boss
1260,メギドローム,boss
1261,舞踏魔プレシアンナ,boss
1262,闇蜘蛛マルギト,boss
1263,闇の狂戦士,boss
1264,超天童士ヤーン,boss
1265,魔物商人デイラー,boss
1266,キッズ,boss
1267,ツクモモン,boss
1268,鬼門のヌエ,boss
1269,テンオツ鬼神,boss
1270,千夜フウジン,boss
1271,千夜ライジン,boss
1272,魔獣ビュブロス,boss
1273,魔鳥の頭目,boss
1274,荒城の守護精,boss
1275,悪夢の追っ手,boss
1276,下級亡霊兵士,boss
1277,深海の守護者,boss
1278,三闘の守護霊,boss
1279,氷殿の守護兵,boss
1280,尖塔の守護鬼,boss
1281,ダークポイックリン,boss
1282,悪魔キェルグ,boss
1283,労魔デスワーク,boss
1284,変異ケダモン,boss
1285,イレイザーＧｅ５０,boss
1286,首領プライド,boss
1287,黄金のバブリン,boss
1288,欲望の邪鬼ゴモル,boss
1289,大地の怒竜バウギア,boss
1290,ヒポポ・サードン,boss
1291,レオン・ビュブロ,boss
1292,怒りのプスゴン,boss
1293,スカラベーダー,boss
1294,上級亡霊兵士,boss
1295,封印の左手,boss
1296,封印の右手,boss
1297,ゴールデンゴーレム,boss
1298,デモンシーサー,boss
1299,ライノスローネ,boss
1300,闇夜の巨人,boss
1301,呪いの影,boss
1302,波怨竜,boss
1303,魔人スピンドル,boss
1304,呪縛の魔獣,boss
1305,復讐鬼ガガイ,boss
1306,魔人兵士,boss
1307,魔瘴竜,boss
1308,ビッグバン岩,boss
1309,証人ラディスオー,boss
1310,パルカラス亡霊王,boss
1311,魔人ゼクセン,boss
1312,マイラー三銃士,boss
1313,アークキマイラ,boss
1314,凶鳥フレス,boss
1315,海賊トニー＆ベニー,boss
1316,海賊スクアーロ,boss
1317,デビルニャン,boss
1318,樹縛の悪鬼,boss
1319,マジックハンド,boss
1320,カンダタ,boss
1321,砂塵の幻馬,boss
1322,炎業の妖星,boss
1323,デスライラ,boss
1324,ドラゴンガイア・双,boss
1325,ヴォルカドラゴン,boss
1326,盗賊ラゴス,boss
1327,魔女グレイツェル,boss
1328,アルゴングレート,boss
1329,諸刃の鋼竜,boss
1330,濁流の邪殻,boss
1331,レプティリア,boss
1332,ギーグハンマー・狂,boss
1333,ゴリウスの怨霊,boss
1334,魔道士キルギル,boss
1335,魔人リンジャーラ,boss
1336,ザ・ホール,boss
1337,ブラッドメイジ,boss
1338,スカーレットナイト,boss
1339,グリーターデーモン,boss
1340,バッドメーア,boss
1341,ひとくいドール,boss
1342,トマホーガー,boss
1343,魔剣士テグラム,boss
1344,エース,boss
1345,リルグレイド,boss
1346,クリムゾンローグ,boss
1347,しびれくらげ先生,boss
1348,禁書の守護者・左,boss
1349,禁書の守護者・右,boss
1350,封魔フォーゲル,boss
1351,慈愛のケモノ,boss
1352,希望のケモノ,boss
1353,勇気のケモノ甲,boss
1354,勇気のケモノ乙,boss
1355,英知のケモノ,boss
1356,デイジーちゃん,boss
1357,使い魔バジリウス,boss
1358,ネグールドラゴン,boss
1359,コスモマザー,boss
1360,バルザックゾンビ,boss
1361,陰の試練壱・陰霊,boss
1362,リルクリムゾン,boss
1363,暴魔アリゲーラ,boss
1364,紅獣バズレッド,boss
1365,護門将ゴウシルシャ,boss
1366,滅びの悪夢,boss
1367,死の悪夢,boss
1368,殺りくの悪夢,boss
1369,暴魔ゼラチド,boss
1370,暴魔アヴィーロ,boss
1371,創世の樹の番人,boss
1372,錯乱の竜,boss
1373,魔瘴魂ナドラグル,boss
1374,水神ギルギッシュ,boss
1375,浄化のたまねぎ,boss
1376,キングスパーキー,boss
1377,ゼドラの影,boss
1378,ラーヴァドラゴン,boss
1379,スライド,boss
1380,ヒポキン,boss
1381,アシュー,boss
1382,魔瘴狼イジャラン,boss
1383,殺りくのグレボス,boss
1384,死霊姫ヤサギリ,boss
1385,死霊兵クロマゲ,boss
1386,死霊王ギスマイヤー,boss
1387,死霊兵ガテリアン,boss
1388,せんりつザクロ,boss
1389,陰獣,boss
1390,陽獣,boss
1391,陰果の罪業,boss
1392,陰果の罪業・核,boss
1393,剣魔の伝霊,boss
1394,未完の魔導鬼,boss
1395,未完の破戒王,boss
1396,超心覚の練獣,boss
1397,オン,boss
1398,セン,boss
1399,遺跡の守護者,boss
1400,歌声の化身,boss
1401,反逆者ゴッツェ,boss
1402,ネロドスシャドウ,boss
1403,アトラスネオ,boss
1404,バズズエリート,boss
1405,ベリアルオリジン,boss
1406,滅びの剣アンルシア,boss
1407,マデサゴーラ,boss
1408,絶望のダークネス,boss
1409,憎悪のダークネス,boss
1410,邪毒のウィーヌム,boss
1411,絶望の魔剣士,boss
1412,亡霊レブロ,boss
1413,ザハルピオン,boss
1414,凶拳暴鬼ダルカス,boss
1415,百怨邪ジャモー,boss
1416,呼声の化身,boss
1417,オバケのピッピ,boss
1418,言声の化身,boss
1419,剣魔ジルドラーナ,boss
1420,守護者ミトロン,boss
1421,忘我のシシカバブ,boss
1422,フェンダ,boss
1423,ハルバルド海賊団,boss
1424,ハルバルド船長,boss
1425,怨讐のゲーダム,boss
1426,グリゴリきょじん,boss
1427,カーズ・ド・バニー,boss
1428,アブカート,boss
1429,イーリィン,boss
1430,哭声の化身,boss
1431,妄執のグリンデア,boss
1432,呪いの歌姫,boss
1433,原始獣フォドラス,boss
1434,闇のプスゴン,boss
1435,闇のクァバルナ,boss
1436,ケイト,boss
1437,蘇りしラズバーン,boss
1438,キリングエナジー,boss
1439,呻声の化身,boss
1440,バズッチャイーナ,boss
1441,風の竜イゾラ,boss
1442,修練の竜アズーロ,boss
1443,蘇りしマアモン,boss
1444,蘇りしジュリアンテ,boss
1445,蘇りしイッド,boss
1446,蘇りしアラグネ,boss
1447,蘇りしバサグランデ,boss
1448,蘇りし冥王ネルゲル,boss
1449,無声の化身,boss
1450,原始のスライム,boss
1451,マスターグレイト,boss
1452,門より出でし者,boss
1453,門より出でし魔獣,boss
1454,魔神族の影人形,boss
1455,ダースロード,boss
1456,天奏士シーギア,boss
1457,天奏士ピパップ,boss
1458,天奏士コトノハ,boss
1459,天奏士アカカ,boss
1460,天奏士ガラン,boss
1461,天声の化身,boss
1462,混沌竜ランブルス,boss
1463,ギガデンデロベー,boss
1464,ギガモーモリーナ,boss
1465,クルミンクス,boss
1466,亡国の記憶,boss
1467,謎のバケモノ,boss
1468,ルーイン,boss
1469,虚竜王グリーデル,boss
1470,アサヒ,boss
1471,お掃除マシン・白式,boss
1472,チュピちゃん,boss
1473,慟哭のロベール,boss
1474,赤眼のギガントヒルズ,boss
1475,魔剣神レパルド,boss
1476,神獣ゼナベスティア,boss
1477,呪魔バシルラ,boss
1478,赤眼のギガンテス,boss
1479,キュロンイーター花,boss
1480,精霊獣ペリッチィ,boss
1481,精霊を喰らうもの,boss
1482,精霊超人ブロズ,boss
1483,サミュエル,boss
1484,粘糸蟲ジュバーク,boss
1485,マンモスドラキー,boss
1486,赤眼の尖兵,boss
1487,赤眼のデスライダー,boss
1488,魔狼ラキ,boss
1489,さんぞくウーパー,boss
1490,ブラッドビーク,boss
1491,不滅のフォロボッソ,boss
1492,赤眼のサイレス,boss
1493,赤眼のライノスブル,boss
1494,銃士ナスビス,boss
1495,銃士トマトス,boss
1496,銃士キュリトス,boss
1497,災厄の王,boss
1498,真・災厄の王,boss
1499,ダークドレアム,boss
1500,破壊神シドー,boss
1501,ビッグモーモン,boss
1502,密林の狩人,boss
1503,密林の守人,boss
1504,アイスゴーレム,boss
1505,アビスソルジャー,boss
1506,テンタコルス,boss
1507,ブラバニクイーン,boss
1508,どデカニードル,boss
1509,ゼドラゴン,boss
1510,潮風のディーバ,boss
1511,エレメンイエロー,boss
1512,エレメンブルー,boss
1513,エレメングリーン,boss
1514,エレメンレッド,boss
1515,エレメンピンク,boss
1516,ビッグビッグハット,boss
1517,やまたのおろち,boss
1518,鬼棍蔵,boss
1519,プラチナキング,boss
1520,おばけ大キノコ,boss
1521,キノコどうし,boss
1522,チーズキノコ,boss
1523,ドミニオンズガード,boss
1524,メガトンブラザーズ,boss
1525,暴君バサグランデ強,boss
1526,怪蟲アラグネ強,boss
1527,魔兵ヒプノス強,boss
1528,魔兵タナト強,boss
1529,魔軍師イッド強,boss
1530,天魔クァバルナ強,boss
1531,妖魔ジュリアンテ強,boss
1532,呪術師マリーン強,boss
1533,ミャルジ,boss
1534,キャットリベリオ強,boss
1535,水竜ギルギッシュ強,boss
1536,覚醒プスゴン,boss
1537,ウルベア魔神兵強,boss
1538,妖剣士オーレン強,boss
1539,悪魔ザイガス強,boss
1540,悪魔長ジウギス,boss
1541,ラズバーンの手下,boss
1542,守護者ラズバーン強,boss
1543,アトラス,boss
1544,バズズ,boss
1545,冥王ネルゲル強,boss
1546,冥獣王ネルゲル強,boss
1547,悪夢の右手強,boss
1548,悪夢の左手強,boss
1549,魔人エンラージャ強,boss
1550,破戒王ベルムド強,boss
1551,破戒王ベルムド影,boss
1552,やるきのジャーミィ,boss
1553,やるきのバーティ,boss
1554,ヘルバトラー強,boss
1555,魔女グレイツェル強,boss
1556,魔勇者アンルシア強,boss
1557,邪教祖サダク強,boss
1558,スイーツトロル強,boss
1559,グレイブディガー強,boss
1560,黒竜丸,boss
1561,黒竜丸強,boss
1562,バトルシェイカー,boss
1563,バトルシェイカー強,boss
1564,れんごく天馬,boss
1565,ハヌマーン,boss
1566,ハヌマーン強,boss
1567,バリクナジャ,boss
1568,バリクナジャ強,boss
1569,デーモンキング,boss
1570,キングレオ,boss
1571,キングレオ強,boss
1572,ジャミラス,boss
1573,ジャミラス強,boss
1574,トロルバッコス,boss
1575,トロルバッコス強,boss
1576,ドラゴン・ウー,boss
1577,ギーグハンマー,boss
1578,ギーグハンマー強,boss
1579,じごくのヌエ,boss
1580,バラモスゾンビ,boss
1581,Ｖロン,boss
1582,Ｖロン強,boss
1583,サイキョーＶロン,boss
1584,タロット魔人,boss
1585,タロット魔人強,boss
1586,プチアトラス,boss
1587,プチバズズ,boss
1588,プチベリアル,boss
1589,プチドラゴンガイア,boss
1590,プチバラモス,boss
1591,プチキングヒドラ,boss
1592,プチグラコス,boss
1593,プチバラモスゾンビ,boss
1594,プチバラモスブロス,boss
1595,プチキラーマジンガ,boss
1596,プチジャミラス,boss
1597,プチアクバー,boss
1598,プチデュラン,boss
1599,プチドン・モグーラ,boss
1600,プチ暗黒の魔人,boss
1601,プチＳキラーマシン,boss
1602,プチＳジェネラル,boss
1603,プチスライダーク,boss
1604,プチギュメイ将軍,boss
1605,プチゲルニック将軍,boss
1606,プチゴレオン将軍,boss
1607,プチドラゴン,boss
1608,プチ魔犬レオパルド,boss
1609,プチムドー,boss
1610,プチアンドレアル,boss
1611,プチゴースネル,boss
1612,アトラス（コイン）,boss
1613,バズズ（コイン）,boss
1614,ベリアル（コイン）,boss
1615,ドラゴンガイア,boss
1616,バラモス,boss
1617,キングヒドラ,boss
1618,グラコス,boss
1619,バラモスブロス,boss
1620,キラーマジンガ,boss
1621,アクバー,boss
1622,デュラン,boss
1623,ドン・モグーラ,boss
1624,暗黒の魔人,boss
1625,Ｓキラーマシン,boss
1626,スライムジェネラル,boss
1627,死神スライダーク,boss
1628,ギュメイ将軍,boss
1629,ゲルニック将軍,boss
1630,ゴレオン将軍,boss
1631,ドラゴン,boss
1632,魔犬レオパルド,boss
1633,ムドー,boss
1634,アンドレアル,boss
1635,エビルプリースト,boss
1636,究極エビルプリースト,boss
1637,ギガデーモン（コイン）,boss
1638,ヘルバトラー（コイン）,boss
1639,タイムマスター,boss
1640,人食い火竜,boss
1641,デスマシーン,boss
1642,破壊神フォロボス,boss
1643,アトラス強,boss
1644,バズズ強,boss
1645,ベリアル強,boss
1646,ドラゴンガイア強,boss
1647,アクバー強,boss
1648,デュラン強,boss
1649,バラモス強,boss
1650,バラモスブロス強,boss
1651,キングヒドラ強,boss
1652,グラコス強,boss
1653,グラコス５世,boss
1654,キラーマジンガ強,boss
1655,暗黒の魔人強,boss
1656,牙王ゴースネル,boss
1657,輪王ザルトラ,boss
1658,剣王ガルドリオン,boss
1659,震王ジュノーガ,boss
1660,勇者アルヴァン,boss
1661,ファラオ・デス,boss
1662,ファラオ・エレフ,boss
1663,ファラオ・ガル,boss
1664,ファラオ・ゴル,boss
1665,ファラオ・ゴレム,boss
1666,ファラオ・ナジャ,boss
1667,ファラオ・ルドラ,boss
1668,ファラオ・ラー,boss
1669,ファラオの右手,boss
1670,ファラオの左手,boss
1671,ファラオ・ヘッド,boss
1672,ファラオ・ヘルマ,boss
1673,ファラオ・ニビス,boss
1674,ファラオ・カーメン,boss
1675,常闇の竜レグナード,boss
1676,ダークキング,boss
1677,海冥主メイヴ,boss
1678,災いの神話,boss
1679,暴虐の悪夢,boss
1680,幻妖の魔勇者,boss
1681,幻妖の黒公子,boss
1682,震撼の冥宰相,boss
1683,戦慄の魔元帥,boss
1684,魔幻の芸術家,boss
1685,冥府の君主,boss
1686,謀略の邪竜,boss
1687,憤怒の剛竜,boss
1688,暗黒の星竜機,boss
1689,深紅の殺人機械,boss
1690,絶牙の白獅子,boss
1691,邪炎の鎧鬼,boss
1692,魔氷の鎧鬼,boss
1693,呪闇の鎧鬼,boss
1694,屍水の鎧鬼,boss
1695,獄嵐の鎧鬼,boss
1696,烈武の竜将,boss
1697,背徳の教祖,boss
1698,虚空の邪竜神,boss
1699,霊廟の冥妃,boss
1700,霊廟の猛将,boss
1701,霊廟の守護神,boss
1702,邪王の操り人形,boss
1703,青嵐の烈剣士,boss
1704,暴風の豪剣士,boss
1705,懊悩の麗竜,boss
1706,辛苦の激竜,boss
1707,黒衣の君主,boss
1708,双剣の従者,boss
1709,至尊の魔王,boss
1710,破天の魔王,boss
1711,覇道の魔王,boss
1712,時獄の暴君,boss
1713,魔影の鬼婦人,boss
1714,不死の支配者,boss
1715,鉄槌の猛将,boss
1716,魔爪の知将,boss
1717,壊乱の邪将,boss
1718,悪逆の凶将,boss
1719,竜蹄の暴将,boss
1720,鬼謀の幻将,boss
1721,絶牙の獣将,boss
1722,祝祭の楽将,boss
1723,覇道の竜将,boss
1724,剛腕の巨将,boss
1725,呪滅の妖将,boss
1726,爆炎の獄将,boss
1727,不死なる異形,boss
1728,獣生む異形,boss
1729,増殖する異形,boss
1730,暴虐の幻影神,boss
1731,隷従の魔瘴魂,boss
1732,禁忌の幻影神・封,boss
1733,禁忌の幻影神・戒,boss
1734,禁忌の幻影神・断,boss
1735,異境の翡翠将,boss
1736,異境の黄兵,boss
1737,異境の紫兵,boss
1738,嘲弄の幻影神,boss
1739,嘲弄の分身,boss
1740,闇朱の破砕将ボーガ,boss
1741,紫炎の滅機将シュバ,boss
1742,深碧の魔壊将ブラゴ,boss
1743,蒼怨の武骸将デゾス,boss
1744,蒼怨の邪骨将マッゼ,boss
1745,銀甲の崩撃将ダバム,boss
1746,翠煙の波煌将ネブド,boss
1747,灰塵の豪雷将バルケ,boss
1748,彩虹の死剣将グロズ,boss
1749,芳墨の堕天将フィア,boss
1750,白雲の烈翼将ヤヌビ,boss
1751,腐緑の呪老将ズタン,boss
1752,青鮮の根絶将コンネ,boss
1753,鋼塊の痛哭将アボク,boss
1754,金神の秘鳥将バオラ,boss
1755,紅爆の暴奏将モグド,boss
1756,ゲノディオ,boss
1757,ゲノマリオン,boss
1758,冥骸魔レギルラッゾ,boss
1759,獣魔ローガスト,boss
1760,紅殻魔スコルパイド,boss
1761,翠将鬼ジェルザーク,boss
1762,剛獣鬼ガルドドン,boss
1763,邪蒼鎧デルメゼ,boss
1764,羅刹王バラシュナ,boss
1765,カラミティロイド,boss
1766,カラミティスコルプ,boss
1767,カラミティサン,boss
1768,カラミティデーモン,boss
1769,カラミティドラゴン,boss
1770,カラミティキング,boss
1771,源世鳥アルマナ,boss
1772,じげんりゅう,boss
1773,堕天使エルギオス,boss
1774,源世果フルポティ,boss
1775,パニガキャッチャー,boss
1776,源世妃フォルダイナ,boss
1777,魔妖星プルタヌス,boss
1778,鉄巨兵ダイダルモス,boss
1779,冥氷竜ジェロドーラ,boss
1780,冥炎翼マゥフラート,boss
1781,冥闇角フォルガノス,boss
1782,冥光冠パニスライム,boss
1783,厭悪のルベランギス,boss
1784,絶念のアウルモッド,boss
1785,凶禍のフラウソン,boss
1786,悲愴のウィリーデ,boss
1787,燦滅のノクゼリア,boss
1788,りゅうおう,boss
1789,ミルドラース,boss
1790,異界獣ヘイズバット,boss
1791,異界獣ヘイズバイオ,boss
1792,異界獣ヘイズナイト,boss
1793,異界獣ヘイズキング,boss
1794,異界獣ヘイズシナー,boss
1795,異界将軍ギュメイ,boss
1796,異界将軍ゲルニック,boss
1797,異界将軍ゴレオン,boss
1798,暗黒皇帝ガナサダイ,boss
1799,異界魔エボルキング,boss
1800,異界魔エボルシナー,boss
1801,竜王,boss
1802,大魔王ゾーマ,boss
